Quartiere;Servizio;Struttura;Tipo struttura;Istituzione scol;Indirizzo;Comune;Provincia
BORGO PANIGALE;NIDO D'INFANZIA;AMICO GATTONE;Comunale;;VIA CADUTI DI CASTELDEBOLE n.21;BOLOGNA;BOLOGNA
BORGO PANIGALE;NIDO D'INFANZIA;BAIESI MARIO;Comunale;;VIA DEL CARROCCIO n.5;BOLOGNA;BOLOGNA
BORGO PANIGALE;NIDO D'INFANZIA;CASTELDEBOLE;Comunale;;Via Galeazza n.59;BOLOGNA;BOLOGNA
BORGO PANIGALE;NIDO D'INFANZIA;LEPIDO;Comunale;;VIA M. EMILIO LEPIDO n.181;BOLOGNA;BOLOGNA
BORGO PANIGALE;NIDO D'INFANZIA;TURRINI ;Comunale;;VIA BRAGAGLIA  n.28;BOLOGNA;BOLOGNA
BORGO PANIGALE;SCUOLA DELL'INFANZIA;ALDO MORO INFANZIA;Comunale;QUARTIERE BORGO PANIGALE;VIA CALVI n.3/3;BOLOGNA;BOLOGNA
BORGO PANIGALE;SCUOLA DELL'INFANZIA;CASA DEL BOSCO;Comunale;QUARTIERE BORGO PANIGALE;VIA DELLA PIETRA n.21/2;BOLOGNA;BOLOGNA
BORGO PANIGALE;SCUOLA DELL'INFANZIA;GALLON;Comunale;QUARTIERE BORGO PANIGALE;VIA M. E. LEPIDO n.175;BOLOGNA;BOLOGNA
BORGO PANIGALE;SCUOLA DELL'INFANZIA;GIDA ROSSI;Comunale;QUARTIERE BORGO PANIGALE;VIA CADUTI DI CASTELDEBOLE n.19;BOLOGNA;BOLOGNA
BORGO PANIGALE;SCUOLA DELL'INFANZIA;MARIA GARAGNANI;Privata convenzionata;ASSOCIAZIONE STEINERIANA MARIA GARAGNANI;VIA MORAZZO n.4/4;BOLOGNA;BOLOGNA
BORGO PANIGALE;SCUOLA DELL'INFANZIA;MAZZINI INFANZIA;Comunale;QUARTIERE BORGO PANIGALE;VIA LEGNANO n.1;BOLOGNA;BOLOGNA
BORGO PANIGALE;SCUOLA DELL'INFANZIA;SACRO CUORE;Privata convenzionata;SACRO CUORE;VIA BOMBELLI n.56;BOLOGNA;BOLOGNA
BORGO PANIGALE;SCUOLA DELL'INFANZIA;SAN GIUSEPPE;Privata convenzionata;SAN GIUSEPPE;VIA CLELIA BARBIERI n.2;BOLOGNA;BOLOGNA
BORGO PANIGALE;SCUOLA DELL'INFANZIA;VIA BRAGAGLIA - è VILLA MAY COMUNALE;Statale;DIREZIONE DIDATTICA 11° CIRCOLO;VIA BRAGAGLIA n.28;BOLOGNA;BOLOGNA
BORGO PANIGALE;SCUOLA DELL'INFANZIA;VILLA MAY;Comunale;QUARTIERE BORGO PANIGALE;VIA BUFALINI n.16;BOLOGNA;BOLOGNA
BORGO PANIGALE;SCUOLA PRIMARIA;2 AGOSTO;Statale;DIREZIONE DIDATTICA 11° CIRCOLO;VIA GALEAZZA n.57;BOLOGNA;BOLOGNA
BORGO PANIGALE;SCUOLA PRIMARIA;ALDO MORO PRIMARIA;Statale;DIREZIONE DIDATTICA 11° CIRCOLO;VIA SANTORRE DI SANTAROSA n.2;BOLOGNA;BOLOGNA
BORGO PANIGALE;SCUOLA PRIMARIA;FIORINI;Statale;DIREZIONE DIDATTICA 11° CIRCOLO;VIA EMILIA PONENTE n.311;BOLOGNA;BOLOGNA
BORGO PANIGALE;SCUOLA PRIMARIA;LIPPARINI;Statale;DIREZIONE DIDATTICA 11° CIRCOLO;VIA BUFALINI n.16;BOLOGNA;BOLOGNA
BORGO PANIGALE;SCUOLA PRIMARIA;MARIA GARAGNANI;Privata paritaria;ASSOCIAZIONE STEINERIANA MARIA GARAGNANI;VIA MORAZZO n.4/4;BOLOGNA;BOLOGNA
BORGO PANIGALE;SCUOLA PRIMARIA;MAZZINI PRIMARIA;Statale;ISTITUTO COMPRENSIVO N. 14;VIA BIANCOLELLI n.38;BOLOGNA;BOLOGNA
BORGO PANIGALE;SCUOLA PRIMARIA;SACRO CUORE;Privata paritaria;SACRO CUORE;VIA BOMBELLI n.56;BOLOGNA;BOLOGNA
BORGO PANIGALE;SCUOLA SECONDARIA DI PRIMO GRADO;VOLTA;Statale;ISTITUTO COMPRENSIVO N. 14;VIA BIANCOLELLI n.38;BOLOGNA;BOLOGNA
BORGO PANIGALE;SCUOLA SECONDARIA DI PRIMO GRADO;VOLTA - SUCCURSALE;Statale;ISTITUTO COMPRENSIVO N. 14;VIA GALEAZZA n.59;BOLOGNA;BOLOGNA
BORGO PANIGALE;SEZIONE PRIMAVERA;SAN GIUSEPPE;Convenzionata;SAN GIUSEPPE;VIA CLELIA BARBIERI n.2;BOLOGNA;BOLOGNA
NAVILE;NIDO D'INFANZIA;ADA ZUCCHELLI;Comunale;;VIA DELLA CA' BIANCA n.13/2;BOLOGNA;BOLOGNA
NAVILE;NIDO D'INFANZIA;BIGARI;Comunale;;VIA BIGARI n.1/2;BOLOGNA;BOLOGNA
NAVILE;NIDO D'INFANZIA;ELEFANTINO BLU - (GESTITO COOP KARABAK);Comunale in concessione;;VIA DELLA BEVERARA n.58/11;BOLOGNA;BOLOGNA
NAVILE;NIDO D'INFANZIA;FRESU;Comunale;;VIA LIPPARINI n.7;BOLOGNA;BOLOGNA
NAVILE;NIDO D'INFANZIA;G.P. PATINI;Comunale;;VIA CIGNANI n.31;BOLOGNA;BOLOGNA
NAVILE;NIDO D'INFANZIA;GROSSO;Comunale;;VIA ERBOSA n.22;BOLOGNA;BOLOGNA
NAVILE;NIDO D'INFANZIA;HIGEYA;Privata convenzionata;;via Paolo Frisi n.5/A;BOLOGNA;BOLOGNA
NAVILE;NIDO D'INFANZIA;I PASSEROTTI;Privata convenzionata;;VIA DELLE BORRE n.7/3;BOLOGNA;BOLOGNA
NAVILE;NIDO D'INFANZIA;IL MAGGIOLINO CLUB;Privata convenzionata;;VIA PROCACCINI n.24/2;BOLOGNA;BOLOGNA
NAVILE;NIDO D'INFANZIA;L'ISOLA DEI TESORI;Privata convenzionata;;VIA MARCO POLO n.60;BOLOGNA;BOLOGNA
NAVILE;NIDO D'INFANZIA;L. MARSILI;Comunale;;VIA SANT'ANNA n.4;BOLOGNA;BOLOGNA
NAVILE;NIDO D'INFANZIA;LE ALI DI ALICE (ex-NICOLO' DELL'ARCA);Privata convenzionata;;Via Nicolo' dell'Arca n.1;BOLOGNA;BOLOGNA
NAVILE;NIDO D'INFANZIA;NUOVO CROCE COPERTA;Comunale;;VIA C.PORTA n.9;BOLOGNA;BOLOGNA
NAVILE;NIDO D'INFANZIA;PHOEBIS 5 ;Privata convenzionata;;VIA DELLA BEVERARA n.58/14;BOLOGNA;BOLOGNA
NAVILE;NIDO D'INFANZIA;PICCOLE INVENZIONI;Comunale;;VIA SALICETO n.5/4;BOLOGNA;BOLOGNA
NAVILE;NIDO D'INFANZIA;POLLICINO;Comunale in concessione;;PIAZZA LIBER PARADISUS n.20;BOLOGNA;BOLOGNA
NAVILE;NIDO D'INFANZIA;POLLICINO POSTI AZIENDALI COMUNALI;Privata convenzionata;;PIAZZA LIBER PARADISUS n.20;BOLOGNA;BOLOGNA
NAVILE;NIDO D'INFANZIA;T.BOLZANI;Comunale;;VIA FLORA n.3;BOLOGNA;BOLOGNA
NAVILE;NIDO D'INFANZIA;VIA DEL GROSSO TASSO;Comunale;;VIA ERBOSA n.18/4;BOLOGNA;BOLOGNA
NAVILE;PICCOLO GRUPPO EDUCATIVO;IL PARADISO DEI BAMBINI;Privata;;VIA DELLA DOZZA n.5/2;BOLOGNA;BOLOGNA
NAVILE;PICCOLO GRUPPO EDUCATIVO;LA CASINA DI WILLY;Privata;;VIA MARZIALE n.4;BOLOGNA;BOLOGNA
NAVILE;PICCOLO GRUPPO EDUCATIVO;LA CASINA DI WILLY 2;Privata;;VIA PAPINI n.16;BOLOGNA;BOLOGNA
NAVILE;SCUOLA DELL'INFANZIA;ADA ZUCCHELLI;Comunale;QUARTIERE NAVILE;VIA DELLA CA' BIANCA n.13/2;BOLOGNA;BOLOGNA
NAVILE;SCUOLA DELL'INFANZIA;ATTILIA NERI;Comunale;QUARTIERE NAVILE;VIA COLOMBAROLA n.38/6;BOLOGNA;BOLOGNA
NAVILE;SCUOLA DELL'INFANZIA;BENEDETTO XV;Privata convenzionata;BENEDETTO XV;VIA BERTALIA n.65;BOLOGNA;BOLOGNA
NAVILE;SCUOLA DELL'INFANZIA;CECCARELLI;Comunale;QUARTIERE NAVILE;VIA SALICETO n.8/2;BOLOGNA;BOLOGNA
NAVILE;SCUOLA DELL'INFANZIA;COOP. AZZURRA COMUNALE;Comunale;QUARTIERE NAVILE;VIA BEVERARA n.188;BOLOGNA;BOLOGNA
NAVILE;SCUOLA DELL'INFANZIA;COOP. AZZURRA STATALE;Statale;ISTITUTO COMPRENSIVO N. 3;VIA BEVERARA n.188;BOLOGNA;BOLOGNA
NAVILE;SCUOLA DELL'INFANZIA;DOZZA;Statale;ISTITUTO COMPRENSIVO N. 15;VIA DOZZA n.8;BOLOGNA;BOLOGNA
NAVILE;SCUOLA DELL'INFANZIA;FEDERZONI;Comunale;QUARTIERE NAVILE;VIA DI VINCENZO n.11;BOLOGNA;BOLOGNA
NAVILE;SCUOLA DELL'INFANZIA;FLORA (EX-ACRI);Comunale;QUARTIERE NAVILE;VIA FLORA n.7;BOLOGNA;BOLOGNA
NAVILE;SCUOLA DELL'INFANZIA;GIROTONDO;Statale;ISTITUTO COMPRENSIVO N. 4;VIA PETTAZZONI n.1;BOLOGNA;BOLOGNA
NAVILE;SCUOLA DELL'INFANZIA;GIUSI DEL MUGNAIO;Comunale;QUARTIERE NAVILE;VIA DI CORTICELLA n.147/2;BOLOGNA;BOLOGNA
NAVILE;SCUOLA DELL'INFANZIA;GROSSO;Comunale;QUARTIERE NAVILE;VIA ERBOSA n.22;BOLOGNA;BOLOGNA
NAVILE;SCUOLA DELL'INFANZIA;LANZARINI;Comunale;QUARTIERE NAVILE;VIA MARZIALE n.10;BOLOGNA;BOLOGNA
NAVILE;SCUOLA DELL'INFANZIA;MARIA AUSILIATRICE;Privata convenzionata;MARIA AUSILIATRICE;VIA JACOPO DELLA QUERCIA n.5;BOLOGNA;BOLOGNA
NAVILE;SCUOLA DELL'INFANZIA;MARIA GARAGNANI;Privata non paritaria;MARIA GARAGNANI;VIA DI VINCENZO n.37;BOLOGNA;BOLOGNA
NAVILE;SCUOLA DELL'INFANZIA;MARIA MANZINI;Comunale;QUARTIERE NAVILE;PIAZZA GIOVANNI DA VERRAZZANO n.1;BOLOGNA;BOLOGNA
NAVILE;SCUOLA DELL'INFANZIA;MARSILI;Comunale;QUARTIERE NAVILE;VIA COLOMBAROLA n.38/6;BOLOGNA;BOLOGNA
NAVILE;SCUOLA DELL'INFANZIA;NUOVA SCUOLA INFANZIA NAVILE;Statale;ISTITUTO COMPRENSIVO N. 5;VIA C. DA BOLOGNA n.27/5;BOLOGNA;BOLOGNA
NAVILE;SCUOLA DELL'INFANZIA;SACRO CUORE;Privata convenzionata;SACRO CUORE;VIA SAN SAVINO n.37;BOLOGNA;BOLOGNA
NAVILE;SCUOLA DELL'INFANZIA;SANTA MARIA DI LEUCA;Privata non paritaria;SANTA MARIA DI LEUCA;VIA CIGNANI n.6;BOLOGNA;BOLOGNA
NAVILE;SCUOLA DELL'INFANZIA;SUCC. SCUOLA DELL'INFANZIA STATALE DOZZA IL FLAUTO MAGICO;Statale;ISTITUTO COMPRENSIVO N. 15;VIA LOMBARDI n.42;BOLOGNA;BOLOGNA
NAVILE;SCUOLA DELL'INFANZIA;T.BOLZANI;Comunale;QUARTIERE NAVILE;VIA FLORA n.3;BOLOGNA;BOLOGNA
NAVILE;SCUOLA PRIMARIA;ACRI;Statale;ISTITUTO COMPRENSIVO N. 5;VIA BARBIERI n.5;BOLOGNA;BOLOGNA
NAVILE;SCUOLA PRIMARIA;BOTTEGO;Statale;ISTITUTO COMPRENSIVO N. 3;VIA BEVERARA n.158;BOLOGNA;BOLOGNA
NAVILE;SCUOLA PRIMARIA;CASA CIRCONDARIALE DOZZA;Statale;ISTITUTO COMPRENSIVO N. 10;VIA DEL GOMITO n.4;BOLOGNA;BOLOGNA
NAVILE;SCUOLA PRIMARIA;CASARALTA;Statale;ISTITUTO COMPRENSIVO N. 15;VIA LOMBARDI n.40;BOLOGNA;BOLOGNA
NAVILE;SCUOLA PRIMARIA;CROCE COPERTA;Statale;ISTITUTO COMPRENSIVO N. 15;VIA MARZIALE n.12;BOLOGNA;BOLOGNA
NAVILE;SCUOLA PRIMARIA;DOZZA;Statale;ISTITUTO COMPRENSIVO N. 15;VIA DOZZA n.8;BOLOGNA;BOLOGNA
NAVILE;SCUOLA PRIMARIA;FEDERZONI;Statale;ISTITUTO COMPRENSIVO N. 5;VIA DI VINCENZO n.11;BOLOGNA;BOLOGNA
NAVILE;SCUOLA PRIMARIA;L. MARSILI;Statale;ISTITUTO COMPRENSIVO N. 4;VIA SANT'ANNA n.4;BOLOGNA;BOLOGNA
NAVILE;SCUOLA PRIMARIA;MARIA AUSILIATRICE;Privata paritaria;MARIA AUSILIATRICE;VIA JACOPO DELLA QUERCIA n.5;BOLOGNA;BOLOGNA
NAVILE;SCUOLA PRIMARIA;NUOVA GROSSO;Statale;ISTITUTO COMPRENSIVO N. 5;VIA C.DA BOLOGNA n.29;BOLOGNA;BOLOGNA
NAVILE;SCUOLA PRIMARIA;SILVANI;Statale;ISTITUTO COMPRENSIVO N. 3;VIA SELVA DI PESCAROLA n.29;BOLOGNA;BOLOGNA
NAVILE;SCUOLA PRIMARIA;SUCCURSALE CASARALTA;Statale;ISTITUTO COMPRENSIVO N. 15;VIA SALICETO n.72;BOLOGNA;BOLOGNA
NAVILE;SCUOLA PRIMARIA;VILLA TORCHI;Statale;ISTITUTO COMPRENSIVO N. 4;VIA VERNE n.21;BOLOGNA;BOLOGNA
NAVILE;SCUOLA SECONDARIA DI PRIMO GRADO;BEATA VERGINE DI S.LUCA;Privata paritaria;ISTITUTO SALESIANO BEATA VERGINE DI S.LUCA ;VIA J DELLA QUERCIA n.1;BOLOGNA;BOLOGNA
NAVILE;SCUOLA SECONDARIA DI PRIMO GRADO;CASA CIRCONDARIALE DOZZA;Statale;ISTITUTO COMPRENSIVO N. 10;VIA DEL GOMITO n.4;BOLOGNA;BOLOGNA
NAVILE;SCUOLA SECONDARIA DI PRIMO GRADO;MARIA AUSILIATRICE;Privata paritaria;MARIA AUSILIATRICE;VIA JACOPO DELLA QUERCIA n.5;BOLOGNA;BOLOGNA
NAVILE;SCUOLA SECONDARIA DI PRIMO GRADO;NAVILE;Privata;;VIA MARCO POLO n.53;BOLOGNA;BOLOGNA
NAVILE;SCUOLA SECONDARIA DI PRIMO GRADO;PANZINI;Statale;ISTITUTO COMPRENSIVO N. 4;VIA GIULIO VERNE n.19;BOLOGNA;BOLOGNA
NAVILE;SCUOLA SECONDARIA DI PRIMO GRADO;SALVO D'ACQUISTO;Statale;ISTITUTO COMPRENSIVO N. 3;VIA BEVERARA n.188;BOLOGNA;BOLOGNA
NAVILE;SCUOLA SECONDARIA DI PRIMO GRADO;TESTONI - FIORAVANTI;Statale;ISTITUTO COMPRENSIVO N. 5;VIA DI VINCENZO n.55;BOLOGNA;BOLOGNA
NAVILE;SCUOLA SECONDARIA DI PRIMO GRADO;ZAPPA;Statale;ISTITUTO COMPRENSIVO N. 15;VIA SALICETO n.74;BOLOGNA;BOLOGNA
NAVILE;SCUOLA SECONDARIA DI SECONDO GRADO;BEATA VERGINE DI S.LUCA;Privata paritaria;ISTITUTO SALESIANO BEATA VERGINE DI S.LUCA ;VIA J DELLA QUERCIA n.1;BOLOGNA;BOLOGNA
NAVILE;SCUOLA SECONDARIA DI SECONDO GRADO;IST. TECNICI E PROFESS. ALDINI - VALERIANI E SIRANI;Statale;ISTITUTO ALDINI VALERIANI SIRANI;VIA SARIO BASSANELLI n.9/11;BOLOGNA;BOLOGNA
NAVILE;SCUOLA SECONDARIA DI SECONDO GRADO;IST. TECNICO PROFESSIONALE ARRIGO SERPIERI;Statale;ISTITUTO ARRIGO SERPIERI;VIA VITTORIO PEGLION n.25;BOLOGNA;BOLOGNA
NAVILE;SCUOLA SECONDARIA DI SECONDO GRADO;IST.PROFESSIONALE MARCELLO MALPIGHI SEDE COORD. ODONTOTECNICO ;Statale;IPIAC MALPIGHI;VIA MARCO POLO n.20/2;BOLOGNA;BOLOGNA
NAVILE;SCUOLA SECONDARIA DI SECONDO GRADO;ISTITUTO TECNICO AGRARIO SERPIERI;Statale;"ISTITUTO SUPERIORE ""ARRIGO SERPIERI""";VIA PEGLION n.25;BOLOGNA;BOLOGNA
NAVILE;SCUOLA SECONDARIA DI SECONDO GRADO;ISTITUTO TECNICO COMMERCIALE R.LUXEMBURG;Statale;ITCS ROSA LUXEMBURG;VIA DALLA VOLTA n.4;BOLOGNA;BOLOGNA
NAVILE;SCUOLA SECONDARIA DI SECONDO GRADO;LICEO LINGUISTICO INTERNAZIONALE;Privata paritaria;"LICEO LINGUISTICO ""INTERNAZIONALE""";VIA PROCACCINI n.26/2;BOLOGNA;BOLOGNA
NAVILE;SCUOLA SECONDARIA DI SECONDO GRADO;LICEO SCIENTIFICO A.B.SABIN;Statale;LICEO A. B. SABIN;VIA MATTEOTTI n.7;BOLOGNA;BOLOGNA
PORTO;NIDO D'INFANZIA;BRUCO ROSA (EX S.CAVINA 2);Comunale;;VIA MARZABOTTO n.1/7;BOLOGNA;BOLOGNA
PORTO;NIDO D'INFANZIA;CALICANTO;Privata convenzionata;;VIA DELLO SCALO n.16;BOLOGNA;BOLOGNA
PORTO;NIDO D'INFANZIA;COCCHERI;Comunale;;VIA PIER DE' CRESCENZI n.14/4;BOLOGNA;BOLOGNA
PORTO;NIDO D'INFANZIA;L'ARCOBALENO BABY CLUB;Privata;;VIA BRUGNOLI n.21/C;BOLOGNA;BOLOGNA
PORTO;NIDO D'INFANZIA;LA PENTOLA MAGICA;Privata convenzionata;;VIA PIAVE n.4;BOLOGNA;BOLOGNA
PORTO;NIDO D'INFANZIA;MARAMEO;Comunale in concessione;;VIA PIAVE n.12/3;BOLOGNA;BOLOGNA
PORTO;NIDO D'INFANZIA;MARZABOTTO;Comunale;;VIA MONTERUMICI n.1/4;BOLOGNA;BOLOGNA
PORTO;NIDO D'INFANZIA;PROGETTO 1 - 6 (GESTITO DA CADIAI);Privata convenzionata;;VIA PIER DE' CRESCENZI n.14/2;BOLOGNA;BOLOGNA
PORTO;NIDO D'INFANZIA;S.CAVINA;Comunale;;VIA MARZABOTTO n.1/8;BOLOGNA;BOLOGNA
PORTO;NIDO D'INFANZIA;VIGANO';Comunale;;VIA AZZO GARDINO n.63;BOLOGNA;BOLOGNA
PORTO;SCUOLA DELL'INFANZIA;ANDERSEN;Comunale;QUARTIERE PORTO;VIA DELLO SCALO n.17/2;BOLOGNA;BOLOGNA
PORTO;SCUOLA DELL'INFANZIA;DALL'OLIO;Comunale;QUARTIERE PORTO;VIA MONTERUMICI n.1/2;BOLOGNA;BOLOGNA
PORTO;SCUOLA DELL'INFANZIA;DE AMICIS;Statale;ISTITUTO COMPRENSIVO N. 18;VIA MILAZZO n.3/1;BOLOGNA;BOLOGNA
PORTO;SCUOLA DELL'INFANZIA;FIGLIE DI SANT'ANNA;Privata convenzionata;FIGLIE DI SANT'ANNA;VIA PIAVE n.2;BOLOGNA;BOLOGNA
PORTO;SCUOLA DELL'INFANZIA;GIUSEPPE DOZZA;Comunale;QUARTIERE PORTO;VIA MONTERUMICI n.1;BOLOGNA;BOLOGNA
PORTO;SCUOLA DELL'INFANZIA;GUIDI TERESINA;Comunale;QUARTIERE PORTO;VIA CALORI n.8;BOLOGNA;BOLOGNA
PORTO;SCUOLA DELL'INFANZIA;MAGO MERLINO;Comunale;QUARTIERE PORTO;VIA AZZOGARDINO n.63;BOLOGNA;BOLOGNA
PORTO;SCUOLA DELL'INFANZIA;MARZABOTTO;Comunale;QUARTIERE PORTO;VIA MONTERUMICI n.1/4;BOLOGNA;BOLOGNA
PORTO;SCUOLA DELL'INFANZIA;S.TERESA DEL BAMBIN GESU MAESTRE PIE DELL'ADDOLORATA (MONTELLO);Privata paritaria;MAESTRE PIE DELL'ADDOLORATA;VIA MONTELLO n.42;BOLOGNA;BOLOGNA
PORTO;SCUOLA DELL'INFANZIA;SAN VINCENZO DE' PAOLI;Privata convenzionata;SAN VINCENZO DE' PAOLI;VIA MONTEBELLO n.3;BOLOGNA;BOLOGNA
PORTO;SCUOLA PRIMARIA;DE AMICIS;Statale;ISTITUTO COMPRENSIVO N. 18;VIA MILAZZO n.3/1;BOLOGNA;BOLOGNA
PORTO;SCUOLA PRIMARIA;FIGLIE DI SANT'ANNA;Privata paritaria;FIGLIE DI SANT'ANNA;VIA PIAVE n.2;BOLOGNA;BOLOGNA
PORTO;SCUOLA PRIMARIA;GUIDI TERESINA;Statale;ISTITUTO COMPRENSIVO N. 17;VIA CALORI n.8;BOLOGNA;BOLOGNA
PORTO;SCUOLA PRIMARIA;MONTERUMICI;Statale;ISTITUTO COMPRENSIVO N. 18;VIA ASIAGO n.33;BOLOGNA;BOLOGNA
PORTO;SCUOLA PRIMARIA;OSPEDALE MAGGIORE;Statale;ISTITUTO COMPRENSIVO N. 18;LARGO BARTOLO NIGRISOLI n.2;BOLOGNA;BOLOGNA
PORTO;SCUOLA PRIMARIA;S.TERESA DEL BAMBIN GESU MAESTRE PIE DELL'ADDOLORATA (MONTELLO);Privata paritaria;MAESTRE PIE DELL'ADDOLORATA;VIA MONTELLO n.42;BOLOGNA;BOLOGNA
PORTO;SCUOLA SECONDARIA DI PRIMO GRADO;DANTE ALIGHIERI;Statale;ISTITUTO COMPRENSIVO N. 18;VIA ASIAGO n.33;BOLOGNA;BOLOGNA
PORTO;SCUOLA SECONDARIA DI PRIMO GRADO;GANDINO;Statale;ISTITUTO COMPRENSIVO N. 17;VIA GRAZIANO n.8;BOLOGNA;BOLOGNA
PORTO;SCUOLA SECONDARIA DI PRIMO GRADO;S.TERESA DEL BAMBIN GESU MAESTRE PIE DELL'ADDOLORATA (MONTELLO);Privata paritaria;;VIA MONTELLO n.42;BOLOGNA;BOLOGNA
PORTO;SCUOLA SECONDARIA DI SECONDO GRADO;"IPSSCTP ""ALDROVANDI-RUBBIANI""";Statale;ISTITUTO ALDROVANDI - RUBBIANI;VIA MARCONI n.40;BOLOGNA;BOLOGNA
PORTO;SCUOLA SECONDARIA DI SECONDO GRADO;"ISTITUTO PROFESSIONALE  DI STATO ""A. FIORAVANTI""";Statale;ISTITUTO PROFESSIONALE A. FIORAVANTI;VIA DON MINZONI n.17;BOLOGNA;BOLOGNA
PORTO;SCUOLA SECONDARIA DI SECONDO GRADO;LICEO CLASSICO MINGHETTI;Statale;LICEO CLASSICO MINGHETTI;VIA NAZARIO SAURO n.18;BOLOGNA;BOLOGNA
PORTO;SCUOLA SECONDARIA DI SECONDO GRADO;LICEO SAN VINCENZO DE' PAOLI;Privata paritaria;SAN VINCENZO DE' PAOLI ;VIA MONTEBELLO n.3;BOLOGNA;BOLOGNA
PORTO;SCUOLA SECONDARIA DI SECONDO GRADO;S.TERESA DEL BAMBIN GESU MAESTRE PIE DELL'ADDOLORATA (MONTELLO);Privata paritaria;;VIA MONTELLO n.42;BOLOGNA;BOLOGNA
RENO;NIDO D'INFANZIA;A. GRAMSCI;Comunale;;VIA TOLSTOI n.3;BOLOGNA;BOLOGNA
RENO;NIDO D'INFANZIA;ALBICOCCOLE;Privata convenzionata;;VIA EMILIA PONENTE n.121;BOLOGNA;BOLOGNA
RENO;NIDO D'INFANZIA;FANTINI L.;Comunale;;VIA LORENZETTI n.8;BOLOGNA;BOLOGNA
RENO;NIDO D'INFANZIA;GRAZIELLA FAVA;Comunale;;VIA DEL GIACINTO n.42;BOLOGNA;BOLOGNA
RENO;NIDO D'INFANZIA;IL CASTELLO INCANTATO;Privata convenzionata;;VIA MARCOVIGI n.8/B;BOLOGNA;BOLOGNA
RENO;NIDO D'INFANZIA;S. ALLENDE;Comunale;;VIA GAMBERINI n.2;BOLOGNA;BOLOGNA
RENO;PICCOLO GRUPPO EDUCATIVO;IL CASTELLO INCANTATO;Privata;;VIA MARCOVIGI n.8/B;BOLOGNA;BOLOGNA
RENO;SCUOLA DELL'INFANZIA;ALBERTAZZI;Comunale;QUARTIERE RENO;VIA BERRETTA ROSSA n.15;BOLOGNA;BOLOGNA
RENO;SCUOLA DELL'INFANZIA;CRISTO RE;Privata convenzionata;CRISTO RE;VIA EMILIA PONENTE n.135;BOLOGNA;BOLOGNA
RENO;SCUOLA DELL'INFANZIA;DON MILANI;Comunale;QUARTIERE RENO;VIA GUCCI n.14;BOLOGNA;BOLOGNA
RENO;SCUOLA DELL'INFANZIA;FANTINI L.;Comunale;QUARTIERE RENO;VIA LORENZETTI n.8;BOLOGNA;BOLOGNA
RENO;SCUOLA DELL'INFANZIA;GIORGIO MORANDI;Comunale;QUARTIERE RENO;VIA DEL BECCACCINO n.27;BOLOGNA;BOLOGNA
RENO;SCUOLA DELL'INFANZIA;GIOVANNI XXIII;Statale;ISTITUTO COMPRENSIVO N. 1;VIA GIOVANNI VERGA n.4;BOLOGNA;BOLOGNA
RENO;SCUOLA DELL'INFANZIA;IRMA PEDRIELLI;Comunale;QUARTIERE RENO;VIA DEL GIACINTO n.35;BOLOGNA;BOLOGNA
RENO;SCUOLA DELL'INFANZIA;LUIGI PAGANI;Privata convenzionata;LUIGI PAGANI;VIA PIERO DELLA FRANCESCA n.3;BOLOGNA;BOLOGNA
RENO;SCUOLA DELL'INFANZIA;PRESI;Comunale;QUARTIERE RENO;VIA TOLSTOI n.1;BOLOGNA;BOLOGNA
RENO;SCUOLA DELL'INFANZIA;SERAGNOLI;Comunale;QUARTIERE RENO;VIA SPERANZA n.32;BOLOGNA;BOLOGNA
RENO;SCUOLA PRIMARIA;ALBERTAZZI;Statale;ISTITUTO COMPRENSIVO N. 2;VIA BERRETTA ROSSA n.15;BOLOGNA;BOLOGNA
RENO;SCUOLA PRIMARIA;CESANA;Statale;ISTITUTO COMPRENSIVO N. 1;VIA GUARDASSONI n.1;BOLOGNA;BOLOGNA
RENO;SCUOLA PRIMARIA;DE VIGRI;Statale;ISTITUTO COMPRENSIVO N. 2;VIA DEL GIACINTO n.37;BOLOGNA;BOLOGNA
RENO;SCUOLA PRIMARIA;DRUSIANI EX RIZZO;Statale;ISTITUTO COMPRENSIVO N. 2;VIA SPERANZA n.58;BOLOGNA;BOLOGNA
RENO;SCUOLA PRIMARIA;GIORGIO MORANDI;Statale;ISTITUTO COMPRENSIVO N. 1;VIA DEL BECCACCINO n.27;BOLOGNA;BOLOGNA
RENO;SCUOLA PRIMARIA;GIOVANNI XXIII PRIMARIA;Statale;ISTITUTO COMPRENSIVO N. 1;VIA LEONARDO DA VINCI n.3;BOLOGNA;BOLOGNA
RENO;SCUOLA SECONDARIA DI PRIMO GRADO;GIUSEPPE DOZZA;Statale;ISTITUTO COMPRENSIVO N. 1;VIA DE CAROLIS n.23;BOLOGNA;BOLOGNA
RENO;SCUOLA SECONDARIA DI PRIMO GRADO;ZANOTTI;Statale;ISTITUTO COMPRENSIVO N. 2;VIA DEL GIACINTO n.39;BOLOGNA;BOLOGNA
RENO;SCUOLA SECONDARIA DI SECONDO GRADO;ISTITUTO TECNICO INDUSTRIALE ODONE BELLUZZI;Statale;ISTITUTO TECNICO INDUSTRIALE STATALE O. BELLUZZI;VIA GIOVANNI DOMENICO CASSINI n.3;BOLOGNA;BOLOGNA
RENO;SEZIONE PRIMAVERA;CRISTO RE;Privata convenzionata;;VIA EMILIA PONENTE n.135;BOLOGNA;BOLOGNA
SAN DONATO;NIDO D'INFANZIA;BALU';Privata convenzionata;;VIA DELLA REPUBBLICA n.23/3;BOLOGNA;BOLOGNA
SAN DONATO;NIDO D'INFANZIA;FILONIDO;Comunale in concessione;;Via della Villa  n.1;BOLOGNA;BOLOGNA
SAN DONATO;NIDO D'INFANZIA;L'ARCOBALENO DEI PULCINI;Privata convenzionata;;VIA VESTRI n.2/1;BOLOGNA;BOLOGNA
SAN DONATO;NIDO D'INFANZIA;M.L. ALPI ;Comunale;;VIA BENINI n.1;BOLOGNA;BOLOGNA
SAN DONATO;NIDO D'INFANZIA;M.L. ALPI (con sez. PICCOLI-COCCINELLE ae 2010/2011);Comunale;;VIA BENINI n.1;BOLOGNA;BOLOGNA
SAN DONATO;NIDO D'INFANZIA;NEGRI ADA;Comunale;;VIA CAMPANA n.53;BOLOGNA;BOLOGNA
SAN DONATO;NIDO D'INFANZIA;PRIMAVERA;Comunale;;VIA DELLA TORRETTA n.36;BOLOGNA;BOLOGNA
SAN DONATO;NIDO D'INFANZIA;S.DONATO;Comunale;;VIA PETROLINI n.6;BOLOGNA;BOLOGNA
SAN DONATO;NIDO D'INFANZIA;VESTRI;Comunale;;VIA VESTRI n.6;BOLOGNA;BOLOGNA
SAN DONATO;NIDO INTERAZIENDALE;FILONIDO (Gruppo HERA);Privata;;Via della Villa n.1;BOLOGNA;BOLOGNA
SAN DONATO;NIDO INTERAZIENDALE;FILONIDO (LegaCoop);Privata;;Via della Villa n.1;BOLOGNA;BOLOGNA
SAN DONATO;NIDO INTERAZIENDALE;FILONIDO (Regione Emilia Romagna);Privata;;Via della Villa n.1;BOLOGNA;BOLOGNA
SAN DONATO;NIDO INTERAZIENDALE;FILONIDO (Unipol);Privata;;Via della Villa n.1;BOLOGNA;BOLOGNA
SAN DONATO;SCUOLA DELL'INFANZIA;BENINI;Statale;ISTITUTO COMPRENSIVO N. 11;VIA BENINI n.3;BOLOGNA;BOLOGNA
SAN DONATO;SCUOLA DELL'INFANZIA;GARIBALDI;Statale;ISTITUTO COMPRENSIVO N. 11;VIA ANDREINI n.41;BOLOGNA;BOLOGNA
SAN DONATO;SCUOLA DELL'INFANZIA;GIOANNETTI;Statale;ISTITUTO COMPRENSIVO N. 10;VIA GIOANNETTI n.2;BOLOGNA;BOLOGNA
SAN DONATO;SCUOLA DELL'INFANZIA;GUALANDI;Statale;ISTITUTO COMPRENSIVO N. 10;VIA BEROALDO n.2;BOLOGNA;BOLOGNA
SAN DONATO;SCUOLA DELL'INFANZIA;JOLE BARONCINI;Comunale;QUARTIERE SAN DONATO;VIA BENINI n.1;BOLOGNA;BOLOGNA
SAN DONATO;SCUOLA DELL'INFANZIA;M. ROCCA;Comunale;QUARTIERE SAN DONATO;VIA GANDUSIO n.4;BOLOGNA;BOLOGNA
SAN DONATO;SCUOLA DELL'INFANZIA;NEGRI ADA;Comunale;QUARTIERE SAN DONATO;VIA CAMPANA n.53;BOLOGNA;BOLOGNA
SAN DONATO;SCUOLA DELL'INFANZIA;PANZINI;Statale;ISTITUTO COMPRENSIVO N. 11;VIA PANZINI n.3;BOLOGNA;BOLOGNA
SAN DONATO;SCUOLA DELL'INFANZIA;W.TOBAGI;Comunale;QUARTIERE SAN DONATO;VIALE ZAGABRIA n.1;BOLOGNA;BOLOGNA
SAN DONATO;SCUOLA PRIMARIA;CHIOSTRI;Statale;ISTITUTO COMPRENSIVO N. 10;VIA ATHOS BELLETTINI n.7;BOLOGNA;BOLOGNA
SAN DONATO;SCUOLA PRIMARIA;DON MINZONI;Statale;ISTITUTO COMPRENSIVO N. 11;VIA VALPARASIO n.2;BOLOGNA;BOLOGNA
SAN DONATO;SCUOLA PRIMARIA;GARIBALDI PRIMARIA;Statale;ISTITUTO COMPRENSIVO N. 11;VIA FILIPPO BEROALDO n.34;BOLOGNA;BOLOGNA
SAN DONATO;SCUOLA PRIMARIA;GUALANDI PRIMARIA;Statale;ISTITUTO COMPRENSIVO N. 10;VIA DELL'ARTIGIANO n.5;BOLOGNA;BOLOGNA
SAN DONATO;SCUOLA PRIMARIA;ROMAGNOLI;Statale;ISTITUTO COMPRENSIVO N. 11;VIA ALFREDO PANZINI n.3;BOLOGNA;BOLOGNA
SAN DONATO;SCUOLA SECONDARIA DI PRIMO GRADO;BESTA;Statale;ISTITUTO COMPRENSIVO N. 10;VIALE ALDO MORO n.31;BOLOGNA;BOLOGNA
SAN DONATO;SCUOLA SECONDARIA DI PRIMO GRADO;SAFFI;Statale;ISTITUTO COMPRENSIVO N. 11;VIA ALFREDO PANZINI n.1;BOLOGNA;BOLOGNA
SAN DONATO;SCUOLA SECONDARIA DI SECONDO GRADO;LICEO SCIENTIFICO NICCOLO' COPERNICO;Statale;LICEO N. COPERNICO;VIA GARAVAGLIA n.11;BOLOGNA;BOLOGNA
SANTO STEFANO;NIDO D'INFANZIA;GOZZADINI;Comunale;QUARTIERE S.STEFANO ;VIALE GOZZADINI n.11/2;BOLOGNA;BOLOGNA
SANTO STEFANO;NIDO D'INFANZIA;IL MONELLO;Comunale;QUARTIERE S.STEFANO ;VIA PELLIZZA DA VOLPEDO n.11;BOLOGNA;BOLOGNA
SANTO STEFANO;NIDO D'INFANZIA;KIMBA;Privata convenzionata;QUARTIERE S.STEFANO ;VIA GHIRARDACCI n.1;BOLOGNA;BOLOGNA
SANTO STEFANO;NIDO D'INFANZIA;LA NUVOLA;Privata convenzionata;QUARTIERE S.STEFANO ;VIALE ORIANI n.40;BOLOGNA;BOLOGNA
SANTO STEFANO;NIDO D'INFANZIA;LA TORTA IN CIELO;Privata;QUARTIERE S.STEFANO ;VIA ORFEO n.32/5A;BOLOGNA;BOLOGNA
SANTO STEFANO;NIDO D'INFANZIA;LUNETTA;Comunale;QUARTIERE S.STEFANO ;VIA P.DA VOLPEDO n.11;BOLOGNA;BOLOGNA
SANTO STEFANO;NIDO D'INFANZIA;ROMAGNOLI;Comunale;QUARTIERE S.STEFANO ;VIA CATALANI n.4/2;BOLOGNA;BOLOGNA
SANTO STEFANO;NIDO D'INFANZIA;TOVAGLIE;Comunale;QUARTIERE S.STEFANO ;VIA TOVAGLIE n.4;BOLOGNA;BOLOGNA
SANTO STEFANO;NIDO D'INFANZIA;VILLA TERESA;Comunale;QUARTIERE S.STEFANO ;VIA PUTTI n.32;BOLOGNA;BOLOGNA
SANTO STEFANO;NIDO D'INFANZIA;ZUCCHERO FILATO;Comunale;QUARTIERE S.STEFANO ;VIALE ALDINI n.50;BOLOGNA;BOLOGNA
SANTO STEFANO;SCUOLA DELL'INFANZIA;BACCHI;Comunale;QUARTIERE S.STEFANO ;VIA BELLOMBRA n.28/3;BOLOGNA;BOLOGNA
SANTO STEFANO;SCUOLA DELL'INFANZIA;BARACCANO;Comunale;QUARTIERE S.STEFANO ;VIA PASCOLI n.3;BOLOGNA;BOLOGNA
SANTO STEFANO;SCUOLA DELL'INFANZIA;BELTRAME;Comunale;QUARTIERE S.STEFANO ;VIA PUTTI n.32;BOLOGNA;BOLOGNA
SANTO STEFANO;SCUOLA DELL'INFANZIA;CARDUCCI;Comunale;QUARTIERE S.STEFANO ;VIA DANTE n.3;BOLOGNA;BOLOGNA
SANTO STEFANO;SCUOLA DELL'INFANZIA;CATTANEO;Comunale;QUARTIERE S.STEFANO ;LARGO LERCARO n.10;BOLOGNA;BOLOGNA
SANTO STEFANO;SCUOLA DELL'INFANZIA;CERRETA;Privata convenzionata;CENTRO SCOLASTICO CERRETA;VIA BERENGARIO DA CARPI n.8;BOLOGNA;BOLOGNA
SANTO STEFANO;SCUOLA DELL'INFANZIA;DANIELE MANDRIOLI  BASTELLI;Privata convenzionata;DANIELE MANDRIOLI BASTELLI ;VIA S.MAMOLO n.139;BOLOGNA;BOLOGNA
SANTO STEFANO;SCUOLA DELL'INFANZIA;DEGLI ESPOSTI;Comunale;QUARTIERE S.STEFANO ;PIAZZALE JACCHIA (INTERNO GIARDINI MARGHERITA) n.1;BOLOGNA;BOLOGNA
SANTO STEFANO;SCUOLA DELL'INFANZIA;GABELLI;Comunale;QUARTIERE S.STEFANO ;VIA BELLOMBRA n.28/3;BOLOGNA;BOLOGNA
SANTO STEFANO;SCUOLA DELL'INFANZIA;GASTONE ROSSI;Comunale;QUARTIERE S.STEFANO ;VIA NADI n.23;BOLOGNA;BOLOGNA
SANTO STEFANO;SCUOLA DELL'INFANZIA;IL MONELLO;Comunale;QUARTIERE S.STEFANO ;VIA PELLIZZA DA VOLPEDO n.11;BOLOGNA;BOLOGNA
SANTO STEFANO;SCUOLA DELL'INFANZIA;IST.ORTOPEDICO RIZZOLI;Statale;DIREZIONE DIDATTICA 8° CIRCOLO ;VIA GIULIO CESARE PUPILLI n.2;BOLOGNA;BOLOGNA
SANTO STEFANO;SCUOLA DELL'INFANZIA;ISTITUTO SAN GIUSEPPE;Privata convenzionata;ISTITUTO SAN GIUSEPPE ;VIA MURRI n.74;BOLOGNA;BOLOGNA
SANTO STEFANO;SCUOLA DELL'INFANZIA;KINDER HAUS;Privata convenzionata;KINDER HAUS COLLEGE;VIA CINO DA PISTOIA n.7;BOLOGNA;BOLOGNA
SANTO STEFANO;SCUOLA DELL'INFANZIA;MAGGIORE;Privata non paritaria;MAGGIORE;VICOLO POSTERLA n.22;BOLOGNA;BOLOGNA
SANTO STEFANO;SCUOLA DELL'INFANZIA;MARCONI;Statale;DIREZIONE DIDATTICA 13° CIRCOLO;VIA LAURA BASSI n.22;BOLOGNA;BOLOGNA
SANTO STEFANO;SCUOLA DELL'INFANZIA;MOLINO TAMBURI;Comunale;QUARTIERE S.STEFANO ;PIAZZALE JACCHIA (INTERNO GIARDINI MARGHERITA) n.2;BOLOGNA;BOLOGNA
SANTO STEFANO;SCUOLA DELL'INFANZIA;PADIGLIONE;Comunale;QUARTIERE S.STEFANO ;VIA TOVAGLIE n.4;BOLOGNA;BOLOGNA
SANTO STEFANO;SCUOLA DELL'INFANZIA;SAN PIETRO MARTIRE;Privata convenzionata;SAN PIETRO MARTIRE;VIA ORFEO n.29;BOLOGNA;BOLOGNA
SANTO STEFANO;SCUOLA DELL'INFANZIA;SAN SEVERINO;Privata convenzionata;SAN SEVERINO;VIA DAGNINI n.23/2;BOLOGNA;BOLOGNA
SANTO STEFANO;SCUOLA DELL'INFANZIA;SANTA GIULIANA;Privata convenzionata;SANTA GIULIANA ;VIA MAZZINI n.90;BOLOGNA;BOLOGNA
SANTO STEFANO;SCUOLA DELL'INFANZIA;TAMBRONI;Statale;DIREZIONE DIDATTICA 13° CIRCOLO;VIA MURRI n.158;BOLOGNA;BOLOGNA
SANTO STEFANO;SCUOLA DELL'INFANZIA;TESTI RASPONI;Comunale;QUARTIERE S.STEFANO ;VIA MURRI n.159;BOLOGNA;BOLOGNA
SANTO STEFANO;SCUOLA PRIMARIA;CARDUCCI;Statale;DIREZIONE DIDATTICA 8° CIRCOLO ;VIA DANTE n.3;BOLOGNA;BOLOGNA
SANTO STEFANO;SCUOLA PRIMARIA;CERRETA;Privata paritaria;CENTRO SCOLASTICO CERRETA;VIA BERENGARIO DA CARPI n.8;BOLOGNA;BOLOGNA
SANTO STEFANO;SCUOLA PRIMARIA;CREMONINI ONGARO;Statale;DIREZIONE DIDATTICA 8° CIRCOLO ;VIA BELLOMBRA n.28;BOLOGNA;BOLOGNA
SANTO STEFANO;SCUOLA PRIMARIA;DANIELE MANDRIOLI  BASTELLI;Privata paritaria;DANIELE MANDRIOLI BASTELLI ;VIA S.MAMOLO n.139;BOLOGNA;BOLOGNA
SANTO STEFANO;SCUOLA PRIMARIA;DON MILANI;Statale;DIREZIONE DIDATTICA 13° CIRCOLO;VIA LARGO LERCARO n.10;BOLOGNA;BOLOGNA
SANTO STEFANO;SCUOLA PRIMARIA;FORTUZZI;Statale;DIREZIONE DIDATTICA 8° CIRCOLO ;VIALE POLISCHI n.2;BOLOGNA;BOLOGNA
SANTO STEFANO;SCUOLA PRIMARIA;IST.ORTOPEDICO RIZZOLI;Statale;DIREZIONE DIDATTICA 8° CIRCOLO ;VIA GIULIO CESARE PUPILLI n.2;BOLOGNA;BOLOGNA
SANTO STEFANO;SCUOLA PRIMARIA;ISTITUTO SAN GIUSEPPE;Privata paritaria;ISTITUTO SAN GIUSEPPE ;VIA MURRI n.74;BOLOGNA;BOLOGNA
SANTO STEFANO;SCUOLA PRIMARIA;KINDER COLLEGE;Privata paritaria;KINDER HAUS COLLEGE;VIA OSSERVANZA n.88;BOLOGNA;BOLOGNA
SANTO STEFANO;SCUOLA PRIMARIA;MARCONI;Statale;DIREZIONE DIDATTICA 13° CIRCOLO;VIA LAURA BASSI n.22;BOLOGNA;BOLOGNA
SANTO STEFANO;SCUOLA PRIMARIA;SANTA GIULIANA;Privata paritaria;SANTA GIULIANA ;VIA MAZZINI n.90;BOLOGNA;BOLOGNA
SANTO STEFANO;SCUOLA PRIMARIA;TAMBRONI;Statale;DIREZIONE DIDATTICA 13° CIRCOLO;VIA MURRI n.158;BOLOGNA;BOLOGNA
SANTO STEFANO;SCUOLA SECONDARIA DI PRIMO GRADO;CARDUCCI 2;Statale;SM   ROLANDINO DE' PASSAGGERI - CARLO PEPOLI;VIA D'AZEGLIO n.82;BOLOGNA;BOLOGNA
SANTO STEFANO;SCUOLA SECONDARIA DI PRIMO GRADO;CERRETA;Privata paritaria;CENTRO SCOLASTICO CERRETA;VIA BERENGARIO DA CARPI n.8;BOLOGNA;BOLOGNA
SANTO STEFANO;SCUOLA SECONDARIA DI PRIMO GRADO;IST.ORTOPEDICO RIZZOLI;Statale;ISTITUTO COMPRENSIVO N. 10;VIA GIULIO CESARE PUPILLI n.2;BOLOGNA;BOLOGNA
SANTO STEFANO;SCUOLA SECONDARIA DI PRIMO GRADO;ISTITUTO SAN GIUSEPPE;Privata paritaria;ISTITUTO SAN GIUSEPPE ;VIA MURRI n.74;BOLOGNA;BOLOGNA
SANTO STEFANO;SCUOLA SECONDARIA DI PRIMO GRADO;PEPOLI  (sede distaccata);Statale;SM   ROLANDINO DE' PASSAGGERI - CARLO PEPOLI;LARGO CARDINALE GIACOMO LERCARO n.14;BOLOGNA;BOLOGNA
SANTO STEFANO;SCUOLA SECONDARIA DI PRIMO GRADO;ROLANDINO DA PASSEGGERI  E PEPOLI (Presidenza);Statale;SM   ROLANDINO DE' PASSAGGERI - CARLO PEPOLI;VIA PASCOLI n.5;BOLOGNA;BOLOGNA
SANTO STEFANO;SCUOLA SECONDARIA DI PRIMO GRADO;S.STEFANO;Comunale;QUARTIERE S.STEFANO ;VIA.S.STEFANO n.119;BOLOGNA;BOLOGNA
SANTO STEFANO;SCUOLA SECONDARIA DI SECONDO GRADO;ISTITUO SUPERIORE SCAPPI;Statale;ISTITUTO ALBERGHIERO  B. SCAPPI  CASTEL SAN PIETRO T.;VIALE TEME n.1054;CASTEL SAN PIETRO TERME;BOLOGNA
SANTO STEFANO;SCUOLA SECONDARIA DI SECONDO GRADO;ISTITUTO ETTORE MAJORANA;Statale;ISTITUTO TECNICO ST.  E. MAJORANA SAN LAZZARO DI SAVENA;CASELLE n.26;SAN LAZZARO DI SAVENA;BOLOGNA
SANTO STEFANO;SCUOLA SECONDARIA DI SECONDO GRADO;ISTITUTO MATTEI ;Statale;ISTITUTO MATTEI ;VIA DELLE RIMEBRANZE  n.26;SAN LAZZARO DI SAVENA;BOLOGNA
SANTO STEFANO;SCUOLA SECONDARIA DI SECONDO GRADO;LICEO  L. GALVANI;Statale;LICEO GALVANI ;CASTIGLIONE n.38;BOLOGNA;BOLOGNA
SANTO STEFANO;SCUOLA SECONDARIA DI SECONDO GRADO;LICEO ARTISTICO F. ARCANGELI - ISTITUTO D'ARTE;Statale;LICEO ARTISTICO F. ARCANGELI - ISTITUTO D'ARTE;VIA MARCHETTI n.22;BOLOGNA;BOLOGNA
SANTO STEFANO;SCUOLA SECONDARIA DI SECONDO GRADO;LICEO CLASSICO MARCO MINGHETTI SUCC.;Statale;LICEO CLASSICO MINGHETTI;VICOLO STRADELLACCIO n.2;BOLOGNA;BOLOGNA
SANTO STEFANO;SEZIONE PRIMAVERA;CERRETA;Privata convenzionata;CENTRO SCOLASTICO CERRETA;VIA BERENGARIO DA CARPI n.8;BOLOGNA;BOLOGNA
SANTO STEFANO;SEZIONE PRIMAVERA;KINDER HAUS;Privata convenzionata;;VIA CINO DA PISTOIA n.7;BOLOGNA;BOLOGNA
SANTO STEFANO;SEZIONE PRIMAVERA;SAN SEVERINO;Convenzionata;;VIA DAGNINI n.23/2;BOLOGNA;BOLOGNA
SAN VITALE;NIDO D'INFANZIA;ANNA FRANK;Comunale;;VIA SPARTACO n.1;BOLOGNA;BOLOGNA
SAN VITALE;NIDO D'INFANZIA;ARCOBALENO;Comunale;;VIA DELL'ARCOBALENO n.17;BOLOGNA;BOLOGNA
SAN VITALE;NIDO D'INFANZIA;ATELIER DEI PICCOLI;Privata convenzionata;;Via Bonaventura Cavalieri n.1;BOLOGNA;BOLOGNA
SAN VITALE;NIDO D'INFANZIA;BEN TI VOGLIO SCHOOL;Privata convenzionata;;VIA BENTIVOGLI n.127/2;BOLOGNA;BOLOGNA
SAN VITALE;NIDO D'INFANZIA;E.F.DE GIOVANNI;Comunale;;VIALE FILOPANTI n.6;BOLOGNA;BOLOGNA
SAN VITALE;NIDO D'INFANZIA;G. ZACCHERINI ALVISI;Comunale;;VIA ALVISI n.9;BOLOGNA;BOLOGNA
SAN VITALE;NIDO D'INFANZIA;GIACCAGLIA BETTI;Comunale;;VIA IRNERIO  n.2;BOLOGNA;BOLOGNA
SAN VITALE;NIDO D'INFANZIA;IL GIARDINO SEGRETO (EX-SANTA MARTA IRIDeS);Privata convenzionata;;VICOLO BORCHETTA n.5;BOLOGNA;BOLOGNA
SAN VITALE;NIDO D'INFANZIA;NIDO TRENINO CIUF CIUF;Privata convenzionata;;VIA SCANDELLARA n.10/11;BOLOGNA;BOLOGNA
SAN VITALE;NIDO D'INFANZIA;PHOEBIS;Privata convenzionata;;VIA MASSARENTI n.400/2;BOLOGNA;BOLOGNA
SAN VITALE;NIDO D'INFANZIA;PIUINSIEME;Comunale;;VIA SANTE VINCENZI n.43;BOLOGNA;BOLOGNA
SAN VITALE;NIDO D'INFANZIA;SPARTACO;Comunale;;VIA SPARTACO n.27;BOLOGNA;BOLOGNA
SAN VITALE;NIDO D'INFANZIA;XVIII APRILE 1945;Comunale;;VIA SCANDELLARA n.11;BOLOGNA;BOLOGNA
SAN VITALE;PICCOLO GRUPPO EDUCATIVO;I BAMBINI DEL VILLAGGIO;Privata;;VIA SCIPIONE DAL FERRO n.4;BOLOGNA;BOLOGNA
SAN VITALE;PICCOLO GRUPPO EDUCATIVO;I CUCCIOLI;Privata;;VIA MASCARELLA n.104;BOLOGNA;BOLOGNA
SAN VITALE;PICCOLO GRUPPO EDUCATIVO;I GUANTI DEL CONIGLIO;Privata;;VIA DELL'ARCOBALENO n.13;BOLOGNA;BOLOGNA
SAN VITALE;SCUOLA DELL'INFANZIA;ANNA FRANK;Comunale;QUARTIERE SAN VITALE;VIA SPARTACO n.1;BOLOGNA;BOLOGNA
SAN VITALE;SCUOLA DELL'INFANZIA;ARCOBALENO;Comunale;QUARTIERE SAN VITALE;VIA DELL'ARCOBALENO n.17;BOLOGNA;BOLOGNA
SAN VITALE;SCUOLA DELL'INFANZIA;DON BOSCO;Statale;ISTITUTO COMPRENSIVO N. 16;VIA VIZZANI n.56;BOLOGNA;BOLOGNA
SAN VITALE;SCUOLA DELL'INFANZIA;G.BETTI PLESSO 2 (ex-Betti 4);Comunale;QUARTIERE SAN VITALE;VIA IRNERIO n.2;BOLOGNA;BOLOGNA
SAN VITALE;SCUOLA DELL'INFANZIA;G.BETTI PLESSO 3;Comunale;QUARTIERE SAN VITALE;VIA IRNERIO  n.2;BOLOGNA;BOLOGNA
SAN VITALE;SCUOLA DELL'INFANZIA;GIORDANI;Statale;ISTITUTO COMPRENSIVO N. 6;VIA SANTE VINCENZI n.43;BOLOGNA;BOLOGNA
SAN VITALE;SCUOLA DELL'INFANZIA;MARIGHETTO;Comunale;QUARTIERE SAN VITALE;VIA ARCOBALENO n.17;BOLOGNA;BOLOGNA
SAN VITALE;SCUOLA DELL'INFANZIA;MINELLI GIOVANNINI;Privata convenzionata;MINELLI GIOVANINI;VIA MAURIZIO PADOA n.5;BOLOGNA;BOLOGNA
SAN VITALE;SCUOLA DELL'INFANZIA;SACRA FAMIGLIA;Privata convenzionata;SACRA FAMIGLIA;VIA SANTE VINCENZI n.36;BOLOGNA;BOLOGNA
SAN VITALE;SCUOLA DELL'INFANZIA;SANTA RITA;Privata convenzionata;SANTA RITA;VIA SANTA RITA n.6;BOLOGNA;BOLOGNA
SAN VITALE;SCUOLA DELL'INFANZIA;SCANDELLARA;Statale;ISTITUTO COMPRENSIVO N. 7;VIA SCANDELLARA n.54/2;BOLOGNA;BOLOGNA
SAN VITALE;SCUOLA DELL'INFANZIA;VILLETTA MATTEI;Statale;ISTITUTO COMPRENSIVO N. 7;VIA MATTEI n.20;BOLOGNA;BOLOGNA
SAN VITALE;SCUOLA DELL'INFANZIA;XVIII APRILE 1945;Comunale;QUARTIERE SAN VITALE;VIA SCANDELLARA n.11;BOLOGNA;BOLOGNA
SAN VITALE;SCUOLA DELL'INFANZIA;ZAMBONI;Comunale;QUARTIERE SAN VITALE;VIA ZAMBONI n.15;BOLOGNA;BOLOGNA
SAN VITALE;SCUOLA PRIMARIA;CLINICA NEUROLOGICA INFANTILE;Statale;ISTITUTO COMPRENSIVO N. 6;VIA UGO FOSCOLO n.7;BOLOGNA;BOLOGNA
SAN VITALE;SCUOLA PRIMARIA;CLINICA PEDIATRICA GOZZADINI;Statale;ISTITUTO COMPRENSIVO N. 6;VIA MASSARENTI n.11;BOLOGNA;BOLOGNA
SAN VITALE;SCUOLA PRIMARIA;DON BOSCO;Statale;ISTITUTO COMPRENSIVO N. 16;VIA VIZZANI n.56;BOLOGNA;BOLOGNA
SAN VITALE;SCUOLA PRIMARIA;ERCOLANI;Statale;ISTITUTO COMPRENSIVO N. 6;VIA MURA DI PORTA GALLIERA n.1;BOLOGNA;BOLOGNA
SAN VITALE;SCUOLA PRIMARIA;GIORDANI PRIMARIA;Statale;ISTITUTO COMPRENSIVO N. 6;VIA MARIO MUSOLESI n.22;BOLOGNA;BOLOGNA
SAN VITALE;SCUOLA PRIMARIA;IL PELLICANO;Privata paritaria;IL PELLICANO;VIA SANTE VINCENZI n.36/4;BOLOGNA;BOLOGNA
SAN VITALE;SCUOLA PRIMARIA;LIVIO TEMPESTA;Statale;ISTITUTO COMPRENSIVO N. 7;VIA MARTELLI n.37;BOLOGNA;BOLOGNA
SAN VITALE;SCUOLA PRIMARIA;MATTIUZZI CASALI  (succ. DON BOSCO);Statale;ISTITUTO COMPRENSIVO N. 16;VIA AZZURRA n.54;BOLOGNA;BOLOGNA
SAN VITALE;SCUOLA PRIMARIA;SCANDELLARA;Statale;ISTITUTO COMPRENSIVO N. 7;VIA SCANDELLARA n.54/2;BOLOGNA;BOLOGNA
SAN VITALE;SCUOLA PRIMARIA;ZAMBONI PRIMARIA;Statale;ISTITUTO COMPRENSIVO N. 16;VICOLO BOLOGNETTI n.8;BOLOGNA;BOLOGNA
SAN VITALE;SCUOLA SECONDARIA DI PRIMO GRADO;CLINICA PEDIATRICA GOZZADINI;Statale;ISTITUTO COMPRENSIVO N. 6;VIA MASSARENTI n.11;BOLOGNA;BOLOGNA
SAN VITALE;SCUOLA SECONDARIA DI PRIMO GRADO;G.B. MARTINI (succ.G.RENI);Statale;ISTITUTO COMPRENSIVO N. 16;PIAZZA ROSSINI n.2;BOLOGNA;BOLOGNA
SAN VITALE;SCUOLA SECONDARIA DI PRIMO GRADO;GUIDO RENI;Statale;ISTITUTO COMPRENSIVO N. 16;VICOLO BOLOGNETTI n.10;BOLOGNA;BOLOGNA
SAN VITALE;SCUOLA SECONDARIA DI PRIMO GRADO;IRNERIO;Statale;ISTITUTO COMPRENSIVO N. 6;VIA FINELLI n.2;BOLOGNA;BOLOGNA
SAN VITALE;SCUOLA SECONDARIA DI PRIMO GRADO;J. DELLA QUERCIA;Statale;ISTITUTO COMPRENSIVO N. 7;VIA SCANDELLARA n.54/3;BOLOGNA;BOLOGNA
SAN VITALE;SCUOLA SECONDARIA DI SECONDO GRADO;LICEO LAURA BASSI SUCC.;Statale;LICEO LAURA BASSI;VIA BROCCAINDOSSO n.48;BOLOGNA;BOLOGNA
SAN VITALE;SCUOLA SECONDARIA DI SECONDO GRADO;LICEO SCIENTIFICO E.FERMI;Statale;LICEO E. FERMI;VIA MAZZINI n.172/2;BOLOGNA;BOLOGNA
SAN VITALE;SEZIONE PRIMAVERA;MINELLI GIOVANNINI;Convenzionata;;VIA MAURIZIO PADOA n.5;BOLOGNA;BOLOGNA
SAN VITALE;SEZIONE PRIMAVERA;SANTA RITA;Convenzionata;;VIA SANTA RITA n.6;BOLOGNA;BOLOGNA
SARAGOZZA;NIDO D'INFANZIA;AQUILONE;Comunale;;VIA DEI TESSITORI n.4;BOLOGNA;BOLOGNA
SARAGOZZA;NIDO D'INFANZIA;DOREMI';Comunale;;VIA DELLO SPORT n.23;BOLOGNA;BOLOGNA
SARAGOZZA;NIDO D'INFANZIA;GAIA;Comunale in concessione;;VIA FELICE BATTAGLIA n.12;BOLOGNA;BOLOGNA
SARAGOZZA;NIDO D'INFANZIA;GREEN CORNER;Privata;;VIA BUSI n.19;BOLOGNA;BOLOGNA
SARAGOZZA;NIDO D'INFANZIA;IL CAVALLINO A DONDOLO;Privata convenzionata;;VIA NOSADELLA n.49/2;BOLOGNA;BOLOGNA
SARAGOZZA;NIDO D'INFANZIA;MARIA AUSILIATRICE;Privata;;VIA ANDREA COSTA n.155;BOLOGNA;BOLOGNA
SARAGOZZA;NIDO D'INFANZIA;NONNA ELIDE;Privata convenzionata;;VIA TURATI n.43;BOLOGNA;BOLOGNA
SARAGOZZA;NIDO D'INFANZIA;P. MARTINI;Comunale;;VIA P. MARTINI n.2;BOLOGNA;BOLOGNA
SARAGOZZA;SCUOLA DELL'INFANZIA;ADA GOBETTI;Comunale;QUARTIERE SARAGOZZA;VIA PERTI n.26;BOLOGNA;BOLOGNA
SARAGOZZA;SCUOLA DELL'INFANZIA;ANNA SERRA PLESSO 1;Comunale;QUARTIERE SARAGOZZA;VIA CA' SELVATICA n.11/3;BOLOGNA;BOLOGNA
SARAGOZZA;SCUOLA DELL'INFANZIA;ANNA SERRA PLESSO 2;Comunale;QUARTIERE SARAGOZZA;VIA CA' SELVATICA n.11/3;BOLOGNA;BOLOGNA
SARAGOZZA;SCUOLA DELL'INFANZIA;ARCO GUIDI COSTA;Comunale;QUARTIERE SARAGOZZA;VIA ANDREA COSTA n.162;BOLOGNA;BOLOGNA
SARAGOZZA;SCUOLA DELL'INFANZIA;ARCO GUIDI PACE;Comunale;QUARTIERE SARAGOZZA;PIAZZA DELLA PACE n.3/3;BOLOGNA;BOLOGNA
SARAGOZZA;SCUOLA DELL'INFANZIA;CANTALAMESSA;Comunale;QUARTIERE SARAGOZZA;VIA DELLO SPORT n.25;BOLOGNA;BOLOGNA
SARAGOZZA;SCUOLA DELL'INFANZIA;CASAGLIA;Comunale;QUARTIERE SARAGOZZA;VIA DI CASAGLIA n.39;BOLOGNA;BOLOGNA
SARAGOZZA;SCUOLA DELL'INFANZIA;CATERINA DE STEFANI;Comunale;QUARTIERE SARAGOZZA;VIA BATTAGLIA n.9/11;BOLOGNA;BOLOGNA
SARAGOZZA;SCUOLA DELL'INFANZIA;COLLEGIO S.LUIGI;Privata convenzionata;ISTITUTO COLLEGIO SAN LUIGI;VIA D'AZEGLIO n.55;BOLOGNA;BOLOGNA
SARAGOZZA;SCUOLA DELL'INFANZIA;MANZOLINI;Statale;DIREZIONE DIDATTICA 3° CIRCOLO;VIA S.ISAIA n.16;BOLOGNA;BOLOGNA
SARAGOZZA;SCUOLA DELL'INFANZIA;MARIA AUSILIATRICE;Privata convenzionata;MARIA AUSILIATRICE;VIA ANDREA COSTA n.155;BOLOGNA;BOLOGNA
SARAGOZZA;SCUOLA DELL'INFANZIA;SANT'ALBERTO MAGNO;Privata convenzionata;SANT' ALBERTO MAGNO ;VIA PALESTRO n.6;BOLOGNA;BOLOGNA
SARAGOZZA;SCUOLA DELL'INFANZIA;SUORE CARMELITANE DELLE GRAZIE;Privata non paritaria;SUORE CARMELITANE DELLE GRAZIE;VIA SARAGOZZA n.4;BOLOGNA;BOLOGNA
SARAGOZZA;SCUOLA DELL'INFANZIA;XXI APRILE;Comunale;QUARTIERE SARAGOZZA;VIA ONOFRI n.7;BOLOGNA;BOLOGNA
SARAGOZZA;SCUOLA PRIMARIA;A. AVOGLI;Statale;DIREZIONE DIDATTICA 3° CIRCOLO;VIA SARAGOZZA n.238;BOLOGNA;BOLOGNA
SARAGOZZA;SCUOLA PRIMARIA;BOMBICCI;Statale;DIREZIONE DIDATTICA 3° CIRCOLO;VIA TURATI n.84;BOLOGNA;BOLOGNA
SARAGOZZA;SCUOLA PRIMARIA;"CASA O.""P.SICILIANI""  (CTP DOZZA)";Statale;ISTITUTO COMPRENSIVO N. 1;VIA DEL PRATELLO n.34;BOLOGNA;BOLOGNA
SARAGOZZA;SCUOLA PRIMARIA;COLLEGIO S.LUIGI;Privata paritaria;ISTITUTO COLLEGIO SAN LUIGI;VIA D'AZEGLIO n.55;BOLOGNA;BOLOGNA
SARAGOZZA;SCUOLA PRIMARIA;LONGHENA;Statale;ISTITUTO COMPRENSIVO N. 8;VIA DI CASAGLIA n.39;BOLOGNA;BOLOGNA
SARAGOZZA;SCUOLA PRIMARIA;MANZOLINI;Statale;DIREZIONE DIDATTICA 3° CIRCOLO;VIA S.ISAIA n.16;BOLOGNA;BOLOGNA
SARAGOZZA;SCUOLA PRIMARIA;MARIA AUSILIATRICE;Privata paritaria;MARIA AUSILIATRICE;VIA ANDREA COSTA n.155;BOLOGNA;BOLOGNA
SARAGOZZA;SCUOLA PRIMARIA;SANT'ALBERTO MAGNO;Privata paritaria;SANT' ALBERTO MAGNO ;VIA PALESTRO n.6;BOLOGNA;BOLOGNA
SARAGOZZA;SCUOLA PRIMARIA;XXI APRILE PRIMARIA;Statale;DIREZIONE DIDATTICA 3° CIRCOLO;VIA XXI APRILE 1945 n.24;BOLOGNA;BOLOGNA
SARAGOZZA;SCUOLA SECONDARIA DI PRIMO GRADO;CARRACCI SUCC.;Statale;ISTITUTO COMPRENSIVO N. 8;VIA BATTAGLIA n.18;BOLOGNA;BOLOGNA
SARAGOZZA;SCUOLA SECONDARIA DI PRIMO GRADO;COLLEGIO S.LUIGI;Privata paritaria;ISTITUTO COLLEGIO SAN LUIGI;VIA D'AZEGLIO n.55;BOLOGNA;BOLOGNA
SARAGOZZA;SCUOLA SECONDARIA DI PRIMO GRADO;GUINIZELLI SEDE;Statale;ISTITUTO COMPRENSIVO N. 8;VIA CA' SELVATICA n.11;BOLOGNA;BOLOGNA
SARAGOZZA;SCUOLA SECONDARIA DI PRIMO GRADO;ISTITUTO PENALE PER MINORENNI (CTP DOZZA) ;Statale;ISTITUTO COMPRENSIVO N. 1;VIA DEL PRATELLO n.34;BOLOGNA;BOLOGNA
SARAGOZZA;SCUOLA SECONDARIA DI PRIMO GRADO;M.MALPIGHI;Privata paritaria;SCUOLA MEDIA PARITARIA M.MALPIGHI ;VIA AUDINOT n.43;BOLOGNA;BOLOGNA
SARAGOZZA;SCUOLA SECONDARIA DI PRIMO GRADO;SANT'ALBERTO MAGNO;Privata paritaria;SANT' ALBERTO MAGNO ;VIA PALESTRO n.6;BOLOGNA;BOLOGNA
SARAGOZZA;SCUOLA SECONDARIA DI SECONDO GRADO;IST. DI ISTRUZIONE SUP. PIER CRESCENZI - PACINOTTI;Statale;ITC CRESCENZI - ITG PACINOTTI -;VIA SARAGOZZA n.9;BOLOGNA;BOLOGNA
SARAGOZZA;SCUOLA SECONDARIA DI SECONDO GRADO;LICEO CLASSICO LUIGI GALVANI SUCC.;Statale;LICEO GALVANI ;VIALE VICINI n.19;BOLOGNA;BOLOGNA
SARAGOZZA;SCUOLA SECONDARIA DI SECONDO GRADO;LICEO CLASSICO VITTORIO ALFIERI;Privata paritaria;LICEO  GINNASIO PARITARIO VITTORIO ALFIERI;VIA D'AZEGLIO n.47;BOLOGNA;BOLOGNA
SARAGOZZA;SCUOLA SECONDARIA DI SECONDO GRADO;LICEO LAURA BASSI   SEDE;Statale;LICEO LAURA BASSI;VIA S.ISAIA n.35;BOLOGNA;BOLOGNA
SARAGOZZA;SCUOLA SECONDARIA DI SECONDO GRADO;LICEO LINGUISTICO MALPIGHI;Statale;"ISTITUTO ""M. MALPIGHI"" LICEO LINGUISTICO PARITARIO";VIA SANT'ISAIA n.77;BOLOGNA;BOLOGNA
SARAGOZZA;SCUOLA SECONDARIA DI SECONDO GRADO;LICEO SCIENTIFICO A. RIGHI;Statale;LICEO RIGHI;VIALE PEPOLI n.3;BOLOGNA;BOLOGNA
SARAGOZZA;SCUOLA SECONDARIA DI SECONDO GRADO;LICEO SCIENTIFICO AUGUSTO RIGHI SUCC.;Statale;LICEO RIGHI;VIA TOLMINO n.7;BOLOGNA;BOLOGNA
SARAGOZZA;SCUOLA SECONDARIA DI SECONDO GRADO;LICEO SCIENTIFICO SANT'ALBERTO MAGNO;Privata paritaria;SANT' ALBERTO MAGNO ;V.PALESTRO n.6;BOLOGNA;BOLOGNA
SARAGOZZA;SCUOLA SECONDARIA DI SECONDO GRADO;"istituto professionale di stato ""virginio bonifazi""";Statale;"ISTITUTO PROFESSIONALE DI STATO ""VIRGINIO BONIFAZI""";VIA DUCA D'AOSTA n.9;CIVITANOVA MARCHE;MACERATA
SARAGOZZA;SEZIONE PRIMAVERA;MARIA AUSILIATRICE;Privata;;VIA ANDREA COSTA n.155;BOLOGNA;BOLOGNA
SAVENA;NIDO D'INFANZIA;ABBA - (GESTITO COOP KARABAK);Comunale in concessione;;VIA ABBA n.11;BOLOGNA;BOLOGNA
SAVENA;NIDO D'INFANZIA;C. CARLI;Comunale;;VIA GOLINELLI n.25/2;BOLOGNA;BOLOGNA
SAVENA;NIDO D'INFANZIA;CAVAZZONI;Comunale;;VIA BEZZECCA n.10;BOLOGNA;BOLOGNA
SAVENA;NIDO D'INFANZIA;FARLOTTINE - SAN DOMENICO;Privata convenzionata;;VIA DELLA BATTAGLIA n.10;BOLOGNA;BOLOGNA
SAVENA;NIDO D'INFANZIA;GIOVANNINO (ex-GIOVANNI XXIII);Privata convenzionata;;VIALE ROMA n.21;BOLOGNA;BOLOGNA
SAVENA;NIDO D'INFANZIA;LA FABBRICA DELLE NUVOLE;Privata convenzionata;;VIA BELLARIA n.19;BOLOGNA;BOLOGNA
SAVENA;NIDO D'INFANZIA;MAZZONI;Comunale;;ingresso nido: VIA MAZZONI, 10 - ingresso materna :  VIA MILANO n.11;BOLOGNA;BOLOGNA
SAVENA;NIDO D'INFANZIA;PACIUGO;Privata convenzionata;;VIA DEGLI ORTOLANI n.75;BOLOGNA;BOLOGNA
SAVENA;NIDO D'INFANZIA;PEZZOLI;Comunale;;VIA PORTAZZA n.6;BOLOGNA;BOLOGNA
SAVENA;NIDO D'INFANZIA;ROSELLE;Comunale;;VIA ROSELLE n.12/2;BOLOGNA;BOLOGNA
SAVENA;NIDO D'INFANZIA;SPAZIO;Comunale;;CAVAZZONI n.2;BOLOGNA;BOLOGNA
SAVENA;NIDO D'INFANZIA;TROTTOLA;Comunale;;VIA BOMBICCI n.3;BOLOGNA;BOLOGNA
SAVENA;PICCOLO GRUPPO EDUCATIVO;IL GIARDINO DELLE FIABE;Privata;;VIA GENOVA n.21;BOLOGNA;BOLOGNA
SAVENA;SCUOLA DELL'INFANZIA;BRUNO CIARI;Comunale;QUARTIERE SAVENA;VIA LARGO BRESCIA n.10;BOLOGNA;BOLOGNA
SAVENA;SCUOLA DELL'INFANZIA;CORPUS DOMINI;Privata convenzionata;CORPUS DOMINI;VIA FEDERIGO ENRIQUES n.56;BOLOGNA;BOLOGNA
SAVENA;SCUOLA DELL'INFANZIA;DOMENICO SAVIO;Comunale;QUARTIERE SAVENA;VIA GOLINELLI n.2;BOLOGNA;BOLOGNA
SAVENA;SCUOLA DELL'INFANZIA;DOMENICO SAVIO SEDE DISTACCATA;Comunale;QUARTIERE SAVENA;VIA BASSANO DEL GRAPPA n.4;BOLOGNA;BOLOGNA
SAVENA;SCUOLA DELL'INFANZIA;FARLOTTINE - SAN DOMENICO;Privata convenzionata;SAN DOMENICO-FARLOTTINE;VIA DELLA BATTAGLIA n.10;BOLOGNA;BOLOGNA
SAVENA;SCUOLA DELL'INFANZIA;FERRARI NUOVA;Comunale;QUARTIERE SAVENA;VIA BUON PASTORE n.2/2;BOLOGNA;BOLOGNA
SAVENA;SCUOLA DELL'INFANZIA;FERRARI STATALE;Statale;ISTITUTO COMPRENSIVO N. 13;VIA BUON PASTORE n.2/2;BOLOGNA;BOLOGNA
SAVENA;SCUOLA DELL'INFANZIA;GLI AMICI DI GIOVANNI;Comunale non paritaria;QUARTIERE SAVENA;VIA BASSANO DEL GRAPPA C/O GIOVANNI XXIII n.4;BOLOGNA;BOLOGNA
SAVENA;SCUOLA DELL'INFANZIA;GRAZIA DELEDDA;Statale;DIREZIONE DIDATTICA 5° CIRCOLO;VIA DOMODOSSOLA n.2;BOLOGNA;BOLOGNA
SAVENA;SCUOLA DELL'INFANZIA;MARIA AUSILIATRICE;Privata convenzionata;MARIA AUSILIATRICE;VIA DAL MONTE n.16;BOLOGNA;BOLOGNA
SAVENA;SCUOLA DELL'INFANZIA;MARIA AUSILIATRICE - PRIVATA NON CONVENZIONATA;Privata paritaria;MARIA AUSILIATRICE;VIA DAL MONTE n.16;BOLOGNA;BOLOGNA
SAVENA;SCUOLA DELL'INFANZIA;MAZZONI;Comunale;QUARTIERE SAVENA;ingresso nido: VIA MAZZONI, 10 - ingresso materna :  VIA MILANO n.11;BOLOGNA;BOLOGNA
SAVENA;SCUOLA DELL'INFANZIA;PADRE O. MARELLA;Statale;ISTITUTO COMPRENSIVO N. 12;VIA POPULONIA n.9;BOLOGNA;BOLOGNA
SAVENA;SCUOLA DELL'INFANZIA;PIERO BERTOLINI (ex-Costa);Statale;DIREZIONE DIDATTICA 5° CIRCOLO;VIA MILANO n.13;BOLOGNA;BOLOGNA
SAVENA;SCUOLA DELL'INFANZIA;RAOUL FOLLEREAU;Comunale;QUARTIERE SAVENA;VIALE FELSINA n.25;BOLOGNA;BOLOGNA
SAVENA;SCUOLA DELL'INFANZIA;SAN GIUSEPPE;Privata paritaria;SAN GIUSEPPE;VIA PONTEVECCHIO n.6;BOLOGNA;BOLOGNA
SAVENA;SCUOLA DELL'INFANZIA;SAN RUFFILLO;Privata convenzionata;SAN RUFFILLO;VIA TOSCANA n.198;BOLOGNA;BOLOGNA
SAVENA;SCUOLA DELL'INFANZIA;SANZIO RAFFAELLO;Statale;ISTITUTO COMPRENSIVO N. 9;VIA ABBA n.5;BOLOGNA;BOLOGNA
SAVENA;SCUOLA DELL'INFANZIA;SCARLATTI;Comunale;QUARTIERE SAVENA;VIA SCARLATTI n.1;BOLOGNA;BOLOGNA
SAVENA;SCUOLA DELL'INFANZIA;VISCARDI;Statale;ISTITUTO COMPRENSIVO N. 12;VIA BARTOLINI n.4;BOLOGNA;BOLOGNA
SAVENA;SCUOLA DELL'INFANZIA;WALT DISNEY;Comunale;QUARTIERE SAVENA;VIA BEZZECCA n.8;BOLOGNA;BOLOGNA
SAVENA;SCUOLA PRIMARIA;DOMENICO SAVIO;Statale;DIREZIONE DIDATTICA 5° CIRCOLO;VIA GOLINELLI n.2;BOLOGNA;BOLOGNA
SAVENA;SCUOLA PRIMARIA;FARLOTTINE - SAN DOMENICO;Privata paritaria;SAN DOMENICO-FARLOTTINE;VIA DELLA BATTAGLIA n.10;BOLOGNA;BOLOGNA
SAVENA;SCUOLA PRIMARIA;FERRARI;Statale;ISTITUTO COMPRENSIVO N. 13;VIA TOSCANA n.136;BOLOGNA;BOLOGNA
SAVENA;SCUOLA PRIMARIA;FERRARI SUCC.;Statale;ISTITUTO COMPRENSIVO N. 13;VIA PAVESE n.15;BOLOGNA;BOLOGNA
SAVENA;SCUOLA PRIMARIA;GIAN PAOLO COSTA;Statale;DIREZIONE DIDATTICA 5° CIRCOLO;VIA MILANO n.13;BOLOGNA;BOLOGNA
SAVENA;SCUOLA PRIMARIA;JEAN PIAGET;Statale;DIREZIONE DIDATTICA 5° CIRCOLO;VIA ARNO n.33;BOLOGNA;BOLOGNA
SAVENA;SCUOLA PRIMARIA;PADRE O. MARELLA;Statale;ISTITUTO COMPRENSIVO N. 12;VIA POPULONIA n.9;BOLOGNA;BOLOGNA
SAVENA;SCUOLA PRIMARIA;SANZIO RAFFAELLO;Statale;ISTITUTO COMPRENSIVO N. 9;VIA ABBA n.5;BOLOGNA;BOLOGNA
SAVENA;SCUOLA PRIMARIA;VISCARDI;Statale;ISTITUTO COMPRENSIVO N. 12;VIA BARTOLINI n.4;BOLOGNA;BOLOGNA
SAVENA;SCUOLA SECONDARIA DI PRIMO GRADO;FARINI;Statale;ISTITUTO COMPRENSIVO N. 12;VIA POPULONIA n.11;BOLOGNA;BOLOGNA
SAVENA;SCUOLA SECONDARIA DI PRIMO GRADO;FARLOTTINE - SAN DOMENICO;Privata paritaria;SAN DOMENICO-FARLOTTINE;VIA DELLA BATTAGLIA n.10;BOLOGNA;BOLOGNA
SAVENA;SCUOLA SECONDARIA DI PRIMO GRADO;IL GUERCINO;Statale;ISTITUTO COMPRENSIVO N. 9;VIA LONGO n.4;BOLOGNA;BOLOGNA
SAVENA;SCUOLA SECONDARIA DI PRIMO GRADO;LEONARDO DA VINCI;Statale;ISTITUTO COMPRENSIVO N. 13;VIA BUON PASTORE n.4;BOLOGNA;BOLOGNA
SAVENA;SCUOLA SECONDARIA DI PRIMO GRADO;SAVENA F.C;Comunale;QUARTIERE SAVENA;VIA FAENZA n.4;BOLOGNA;BOLOGNA
SAVENA;SCUOLA SECONDARIA DI SECONDO GRADO;ISTITUTO DI ISTRUZIONE SUPERIORE MANFREDI TANARI;Statale;IPC MANFREDI - ITC TANARI;VIA FELSINA n.40;BOLOGNA;BOLOGNA
SAVENA;SEZIONE PRIMAVERA;CORPUS DOMINI;Convenzionata;;VIA FEDERIGO ENRIQUES n.56;BOLOGNA;BOLOGNA
SAVENA;SEZIONE PRIMAVERA;FARLOTTINE - SAN DOMENICO;Convenzionata;;VIA DELLA BATTAGLIA n.10;BOLOGNA;BOLOGNA
;SCUOLA SECONDARIA DI SECONDO GRADO;ITC MATTEI;Statale;ISTITUTO LICEO MATTEI ;VIA DELLE RIMEMBRANZE n.26;SAN LAZZARO DI SAVENA;BOLOGNA