Titolo;Categoria;Risorsa;Cod Mecc;Capitolo;Denominazione;Imp.prev.2012;Imp.prev.2013;Imp.prev.2014
1;1;1000;1011000;E00100000;IMPOSTA COMUNALE SUGLI IMMOBILI (ICI);0;0;0
1;1;1000;1011000;E00100050;IMPOSTA COMUNALE SUGLI IMMOBILI (ICI) - RECUPERO TRIBUTI ARRETRATI;5000000;5000000;5000000
1;1;1000;1011000;E00100100;IMPOSTA COMUNALE SUGLI IMMOBILI (ICI) - MAGGIORE GETTITO EX ART. 3 D.L.;0;0;0
1;1;1000;1011000;E00100150;IMPOSTA COMUNALE SUGLI IMMOBILI (ICI) - ENTRATE DI DUBBIA ESIGIBILITA';0;0;0
1;1;1100;1011100;E00200000;COMPARTECIPAZIONE AL GETTITO IRPEF;0;0;0
1;1;1100;1011100;E00250000;COMPARTECIPAZIONE AL GETTITO I.V.A.;0;0;0
1;1;1100;1011100;E00300000;IMPOSTA SULLA PUBBLICITA';6000000;6000000;0
1;1;1100;1011100;E00300050;IMPOSTA COMUNALE SULLA PUBBLICITA' - ESERCIZI PRECEDENTI;660000;660000;660000
1;1;1100;1011100;E00350000;IMPOSTA MUNICIPALE SECONDARIA;0;0;14130000
1;1;1100;1011100;E00400000;IMPOSTA COMUNALE PER L'ESERCIZIO DI IMPRESE, ARTI E PROFESSIONI (ICIAP);5000;5000;5000
1;1;1100;1011100;E00500000;IMPOSTA DI SOGGIORNO;1000000;1000000;1000000
1;1;1100;1011100;E00550000;IMPOSTA MUNICIPALE PROPRIA (IMU);175800000;175800000;175800000
1;1;1100;1011100;E00600000;ADDIZIONALE SUI CONSUMI DI ENERGIA ELETTRICA;0;0;0
1;1;1100;1011100;E00650000;ADDIZIONALE COMUNALE ALL'IRPEF;46300000;46300000;46300000
1;1;1100;1011100;E00650050;ADDIZIONALE COMUNALE ALL'IRPEF - ESERCIZI PRECEDENTI;0;0;0
1;1;1100;1011100;E00700000;ADDIZIONALE COMUNALE SUI DIRITTI D'IMBARCO;0;0;0
1;1;1100;1011100;E00700050;ADDIZIONALE COMUNALE SUI DIRITTI D'IMBARCO - ESERCIZI PRECEDENTI;0;0;0
1;2;1200;1021200;E00800000;TASSA PER LO SMALTIMENTO DEI RIFIUTI SOLIDI URBANI INTERNI;64878730,8;0;0
1;2;1200;1021200;E00800010;TASSA PER LO SMALTIMENTO DEI RIFIUTI SOLIDI URBANI INTERNI - ENTRATE DI;8638259,44;0;0
1;2;1200;1021200;E00800050;TASSA PER LO SMALTIMENTO DEI RIFIUTI SOLIDI URBANI - RECUPERO TRIBUTI;5455000;5455000;5455000
1;2;1200;1021200;E00800060;TASSA PER LO SMALTIMENTO DEI RIFIUTI SOLIDI URBANI INTERNI: RECUPERO;4776023,52;4776023,52;4776023,52
1;2;1200;1021200;E00800100;TASSA PER LO SMALTIMENTO DEI RIFIUTI SOLIDI URBANI - CONTRIBUTO DEL;180000;180000;180000
1;2;1200;1021200;E00800150;TASSA PER LO SMALTIMENTO DEI RIFIUTI SOLIDI URBANI INTERNI - ENTRATE DI;0;0;0
1;2;1200;1021200;E00850000;TRIBUTO COMUNALE SUI RIFIUTI E SUI SERVIZI;0;76878730,8;76878730,8
1;2;1200;1021200;E00850010;TRIBUTO COMUNALE SUI RIFIUTI E SUI SERVIZI - ENTRATE DI DUBBIA;0;8638259,44;8638259,44
1;2;1300;1021300;E01000100;TASSA PER L'OCCUPAZIONE DI SPAZI ED AREE PUBBLICHE: OCCUPAZIONI;5000;5000;5000
1;2;1300;1021300;E01100000;ADDIZIONALI ERARIALI APPLICATE ALLA TASSA PER LO SMALTIMENTO DEI RIFIUTI;6487873,08;0;0
1;2;1300;1021300;E01100010;ADDIZIONALI ERARIALI APPLICATE ALLA TASSA PER LO SMALTIMENTO DEI RIFIUTI;863890,78;0;0
1;2;1300;1021300;E01100050;ADDIZIONALI ERARIALI APPLICATE ALLA TASSA PER LO SMALTIMENTO DEI RIFIUTI;545000;545000;545000
1;2;1300;1021300;E01100060;ADDIZIONALI ERARIALI APPLICATE ALLA TASSA PER LO SMALTIMENTO DEI RIFIUTI;96004,64;96004,64;96004,64
1;2;1300;1021300;E01300000;DIRITTI DI PESO PUBBLICO E DI MISURA PUBBLICA;0;0;0
1;3;1400;1031400;E01600000;DIRITTI PER IL SERVIZIO DELLE PUBBLICHE AFFISSIONI;320000;320000;0
1;3;1400;1031400;E01700000;FONDO SPERIMENTALE DI RIEQUILIBRIO;54975624,26;42975624,26;42975624,26
2;1;2000;2012000;E20000000;TRASFERIMENTI CORRENTI DELLO STATO: FONDO ORDINARIO;0;0;0
2;1;2000;2012000;E20000050;TRASFERIMENTI CORRENTI DELLO STATO: FONDO ORDINARIO - ESERCIZI;0;0;0
2;1;2000;2012000;E20000100;TRASFERIMENTI CORRENTI DELLO STATO: COMPENSAZIONE DEL MINOR GETTITO ICI;0;0;0
2;1;2000;2012000;E20000150;TRASFERIMENTI CORRENTI DELLO STATO: RIMBORSO ICI ABITAZIONE PRINCIPALE;0;0;0
2;1;2000;2012000;E20000160;TRASFERIMENTI CORRENTI DELLO STATO: RIMBORSO ICI ABITAZIONE PRINCIPALE -;0;0;0
2;1;2000;2012000;E20000200;TRASFERIMENTI CORRENTI DELLO STATO: PARZIALE RESTITUZIONE RIDUZIONE;0;0;0
2;1;2000;2012000;E20000210;TRASFERIMENTI CORRENTI DALLO STATO: CONTRIBUTO PER L'ANNO 2010 (COMMA 13;0;0;0
2;1;2050;2012050;E20200000;TRASFERIMENTI CORRENTI DELLO STATO: FONDO CONSOLIDATO;0;0;0
2;1;2100;2012100;E20400000;TRASFERIMENTI CORRENTI DELLO STATO: FONDO PEREQUATIVO PER GLI SQUILIBRI;0;0;0
2;1;2150;2012150;E20600000;CONTRIBUTI DELLO STATO PER I MUTUI CONTRATTI NEL 1992 E PRECEDENTI;1755662,66;1725847,47;1718120,55
2;1;2200;2012200;E20800000;CONTRIBUTO DELLO STATO - MINISTERO PER I BENI E LE ATTIVITA' CULTURALI -;0;0;0
2;1;2200;2012200;E20800200;CONTRIBUTO DELLO STATO - MINISTERO PER I BENI E LE ATTIVITA' CULTURALI -;0;0;0
2;1;2200;2012200;E20800250;CONTRIBUTO DELLO STATO - MINISTERO UNIVERSITA' E RICERCA - PER LA;0;0;0
2;1;2200;2012200;E20800300;CONTRIBUTO DELLO STATO - MINISTERO DELL'ISTRUZIONE, DELL'UNIVERSITA' E;10000;10000;10000
2;1;2200;2012200;E20800350;CONTRIBUTO DELLO STATO - MINISTERO DELL'ISTRUZIONE (MIUR) PER LA;0;0;0
2;1;2200;2012200;E20810000;TRASFERIMENTO DALLO STATO - MINISTERO DELL'INTERNO - QUOTA DEL CINQUE;0;0;0
2;1;2200;2012200;E20850000;CONTRIBUTI DELLO STATO (MINISTERO DELLO SVILUPPO ECONOMICO) PER PROGETTI;0;0;0
2;1;2200;2012200;E20900050;CONTRIBUTO DELLO STATO - MINISTERO DEL LAVORO E PREVIDENZA SOCIALE - PER;0;0;0
2;1;2200;2012200;E20900100;CONTRIBUTO DELLO STATO, MINISTERO DEL LAVORO E DELLE POLITICHE SOCIALI,;0;0;0
2;1;2200;2012200;E20900150;CONTRIBUTO DELLO STATO - MINISTERO DEL LAVORO E DELLE POLITICHE SOCIALI;0;0;0
2;1;2200;2012200;E20910050;CONTRIBUTI DELLO STATO (MINISTERO INNOVAZIONE E TECNOLOGIE), ANCHE;0;0;0
2;1;2200;2012200;E20920050;CONTRIBUTO DELLO STATO - MINISTERO DELLE INFRASTRUTTURE PER LA;0;0;0
2;1;2200;2012200;E20920100;CONTRIBUTO DELLO STATO - MINISTERO DELLE INFRASTRUTTURE - PER LA;0;0;0
2;1;2200;2012200;E20920150;CONTRIBUTO DELLO STATO - MINISTERO DEL LAVORO E PREVIDENZA SOCIALE - PER;0;0;0
2;1;2200;2012200;E20920200;CONTRIBUTO DELLO STATO - MINISTERO DELL'ECONOMIA E FINANZE - PER LA;0;0;0
2;1;2200;2012200;E20920250;CONTRIBUTO DELLO STATO - MINISTERO DELL'ECONOMIA E FINANZE - PER IL;0;0;0
2;1;2200;2012200;E20950000;CONTRIBUTO DELLO STATO - MINISTERO DELL'ECONOMIA E FINANZE - PER IL;0;0;0
2;1;2200;2012200;E20950050;CONTRIBUTO DELLO STATO - MINISTERO DELL'ECONOMIA E DELLE FINANZE (IGRUE;0;0;0
2;1;2200;2012200;E20950100;CONTRIBUTO DELLO STATO - MINISTERO DELL'ECONOMIA E DELLE FINANZE (IGRUE;0;0;0
2;1;2200;2012200;E21060000;CONTRIBUTO DELLO STATO - MINISTERO DELL'INTERNO - IN APPLICAZIONE DEL;0;0;0
2;1;2200;2012200;E21100000;CONTRIBUTO DELLO STATO, TRAMITE LA REGIONE, PER IL PIANO DI;0;0;0
2;1;2200;2012200;E21100050;CONTRIBUTO DELLO STATO - MINISTERO DELL'AMBIENTE - PER I PROGETTI;0;0;0
2;1;2200;2012200;E21100100;CONTRIBUTO DELLO STATO - MINISTERO DELL'AMBIENTE - PER I PROGETTI PIANO;0;0;0
2;1;2200;2012200;E21150000;CONTRIBUTO DELLO STATO - MINISTERO DELL'AMBIENTE - PER PROGETTI;0;0;0
2;1;2200;2012200;E21150050;CONTRIBUTO DELLO STATO - MINISTERO DELL'AMBIENTE - REALIZZAZIONE;0;0;0
2;1;2200;2012200;E21150100;CONTRIBUTO DELLO STATO - MINISTERO DELL'AMBIENTE - PER INCENTIVAZIONE;0;0;0
2;1;2200;2012200;E21150150;CONTRIBUTO DELLO STATO - MINISTERO DELL'AMBIENTE PER INTERVENTI RELATIVI;0;0;0
2;1;2200;2012200;E21160000;CONTRIBUTO DELLO STATO, PARTE TRAMITE LA PROVINCIA, PER I MAGGIORI ONERI;0;0;0
2;1;2200;2012200;E21170000;CONTRIBUTO DEL MINISTERO DELLE INFRASTRUTTURE PER IL PROGETTO PILOTA;0;0;0
2;1;2200;2012200;E21180000;CONTRIBUTO DELLA PRESIDENZA DEL CONSIGLIO DEI MINISTRI PER IL PROGETTO;0;0;0
2;1;2200;2012200;E21200000;CONTRIBUTO DELLA PRESIDENZA DEL CONSIGLIO DEI MINISTRI - DIPARTIMENTO;0;0;0
2;1;2200;2012200;E21200050;CONTRIBUTO DELLA PRESIDENZA DEL CONSIGLIO DEI MINISTRI - DIPARTIMENTO;0;0;0
2;1;2200;2012200;E21200100;CONTRIBUTO DELLA PRESIDENZA DEL CONSIGLIO DEI MINISTRI - DIPARTIMENTO;0;0;0
2;1;2200;2012200;E21200150;CONTRIBUTO DELLA PRESIDENZA DEL CONSIGLIO DEI MINISTRI - DIPARTIMENTO;116000;116000;116000
2;1;2200;2012200;E21200200;CONTRIBUTO DELLA PRESIDENZA DEL CONSIGLIO DEI MINISTRI - DIPERTIMENTO;0;0;0
2;1;2200;2012200;E21200250;CONTRIBUTO DELLA PRESIDENZA DEL CONSIGLIO DEI MINISTRI - DIPARTIMENTO;0;0;0
2;1;2200;2012200;E21300000;"CONTRIBUTO DELLO STATO PER IL FUNZIONAMENTO DEL CAMPO SCUOLA ""BAUMANN""";5164,57;5164,57;5164,57
2;1;2200;2012200;E21500000;CONTRIBUTO DELLO STATO, TRAMITE LA PROVINCIA, PER L'ASSISTENZA AI;0;0;0
2;1;2200;2012200;E21550000;CONTRIBUTO DELLO STATO - MINISTERO DELL'INTERNO - PER PROGETTI DI;732143,4;732143,4;732143,4
2;1;2200;2012200;E21550100;CONTRIBUTO DELLO STATO - MINISTERO DELL'INTERNO, DIPARTIMENTO PER LE;0;0;0
2;1;2200;2012200;E21560000;CONTRIBUTO DELLO STATO - MINISTERO DELLA SOLIDARIETA' SOCIALE - PER;0;0;0
2;1;2200;2012200;E21560050;CONTRIBUTO DELLO STATO - MINISTERO DELLA SOLIDARIETA' SOCIALE - PER UN;0;0;0
2;1;2200;2012200;E21560060;CONTRIBUTO DELLO STATO - MINISTERO DELLA SOLIDARIETA' SOCIALE - PER;923352,64;700000;700000
2;1;2200;2012200;E21570000;PREMIO AMICO DELLA FAMIGLIA 2007: MENZIONE SPECIALE PER I PROGETTI;0;0;0
2;1;2200;2012200;E21580050;CONTRIBUTO DELLO STATO - PRESIDENZA DEL CONSIGLIO, DIPARTIMENTO;100000;100000;100000
2;1;2200;2012200;E21580100;CONTRIBUTO DEL MINISTERO DELL'INTERNO, TRAMITE LA PREFETTURA, PER;0;0;0
2;1;2200;2012200;E21590000;TRASFERIMENTO DI FONDI DELLA PREFETTURA PER LA REALIZZAZIONE DI;0;0;0
2;1;2200;2012200;E21600000;CONTRIBUTO DELLO STATO PER INTERVENTI IN FAVORE DI MINORI SOGGETTI A;0;0;0
2;1;2200;2012200;E21610000;CONTRIBUTO DELLO STATO - MINISTERO DELLA DIFESA - PER LE SPESE DI;21000;21000;21000
2;1;2250;2012250;E21700000;CONTRIBUTO DELLO STATO NELLE SPESE PER LA GESTIONE DELLE SCUOLE MATERNE;2500000;2500000;2500000
2;1;2250;2012250;E22100000;ASSEGNO ANNUO PERPETUO PER MEDAGLIA D'ORO AL VALOR MILITARE CONFERITA;4000;4000;4000
2;1;2250;2012250;E22110000;TRASFERIMENTO DALLO STATO DELLA QUOTA SPETTANTE PER LA PARTECIPAZIONE AL;500000;500000;500000
2;1;2250;2012250;E22130000;CONTRIBUTO DELLO STATO PER LE SPESE DI FUNZIONAMENTO RELATIVE ALLE;0;0;0
2;1;2250;2012250;E22140000;CREDITO D'IMPOSTA RELATIVO AI DIVIDENDI DI SOCIETA';0;0;0
2;1;2250;2012250;E22150000;CONTRIBUTO DELLO STATO PER INTERVENTI SU BENI STORICO ARTISTICI COMUNALI;1032914;1032914;1032914
2;1;2250;2012250;E22200000;CONTRIBUTI DELLO STATO PER I MUTUI CONTRATTI NEL 1989 PER PARCHEGGI IN;0;0;0
2;1;2250;2012250;E22210050;ALTRI CONTRIBUTI DELLO STATO: ESERCIZI PRECEDENTI;0;0;0
2;1;2250;2012250;E22210100;ALTRI CONTRIBUTI DELLO STATO;0;0;0
2;1;2250;2012250;E22250000;CONTRIBUTO DELLO STATO PER LA REALIZZAZIONE DI ATTIVITA' VARIE;0;0;0
2;1;2250;2012250;E22300000;CONTRIBUTO DELLO STATO NELLE SPESE PER GLI UFFICI GIUDIZIARI;8800000;8400000;8500000
2;1;2250;2012250;E22300050;CONTRIBUTO DELLO STATO NELLE SPESE PER GLI UFFICI GIUDIZIARI - ESERCIZI;0;0;0
2;2;2300;2022300;E22800000;FONDI REGIONALI PER LA GESTIONE DEI SERVIZI SOCIO-ASSISTENZIALI;0;0;0
2;2;2300;2022300;E22810000;FONDO REGIONALE STRAORDINARIO PER LE POLITICHE SOCIALI;0;0;0
2;2;2350;2022350;E23100050;TRASFERIMENTO DALLA REGIONE DI RISORSE DEL F.S.E. PER LA GESTIONE DI;412500;412500;412500
2;2;2350;2022350;E23100100;CONTRIBUTO DELLA REGIONE PER IL PROGETTO SCAMBI PEDAGOGICI NELL'AMBITO;0;0;0
2;2;2350;2022350;E23110000;"CONTRIBUTO DELLA REGIONE PER LA REALIZZAZIONE DEL PROGETTO ""FIGURE DI";0;0;0
2;2;2350;2022350;E23120000;CONTRIBUTO DELLA REGIONE PER LA FORNITURA DEI LIBRI DI TESTO AGLI;0;0;0
2;2;2350;2022350;E23140000;CONTRIBUTO DELLA REGIONE PER PROGETTI ED INTERVENTI RELATIVI ALL'AREA;0;0;0
2;2;2350;2022350;E23150000;"CONTRIBUTO DELLA REGIONE PER LA REALIZZAZIONE DEL PROGETTO ""CENTRI";0;0;0
2;2;2350;2022350;E23150050;CONTRIBUTO DELLA REGIONE PER PROGETTI DI INTEGRAZIONE SOCIALE DEI;0;0;0
2;2;2350;2022350;E23160000;CONTRIBUTO DELLA REGIONE PER IL CENTRO RISORSE PER LA RETE DEI SERVIZI;32500;32500;32500
2;2;2350;2022350;E23170000;CONTRIBUTO DELLA REGIONE PER L'OSSERVATORIO SULLE DIFFERENZE;0;0;0
2;2;2350;2022350;E23200000;CONTRIBUTO DELLA REGIONE PER ATTIVITA' RICREATIVE, SPORTIVE E RIVOLTE AI;16112;16112;16112
2;2;2350;2022350;E23250000;CONTRIBUTO DELLA REGIONE PER LA REALIZZAZIONE DI ATTIVITA' RIVOLTE AI;0;0;0
2;2;2350;2022350;E23310000;CONTRIBUTO DELLA REGIONE PER IL SISTEMA INFORMATIVO TURISTICO;0;0;0
2;2;2350;2022350;E23330000;CONTRIBUTO DELLA REGIONE PER INIZIATIVE A SOSTEGNO DI ATTIVITA';0;0;0
2;2;2350;2022350;E23450000;"CONTRIBUTO DELLA REGIONE PER LA REDAZIONE DEL ""PROGRAMMA DI SVILUPPO";0;0;0
2;2;2350;2022350;E23450050;CONTRIBUTO DELLA REGIONE, TRAMITE LA PROVINCIA, PER L'ATTUAZIONE DEL;0;0;0
2;2;2350;2022350;E23450100;CONTRIBUTO DELLA REGIONE PER IL PROGETTO INTERREGIONALE;0;0;0
2;2;2350;2022350;E23450150;"CONTRIBUTO DELLA REGIONE PER IL PROGETTO ""INTERREG IV C OSEPA 0918R2";0;0;0
2;2;2350;2022350;E23460000;"CONTRIBUTO DELLA REGIONE PER IL PROGETTO ""AZIONI DI MIGLIORAMENTO DELLA";0;0;0
2;2;2350;2022350;E23500000;CONTRIBUTO DELLA REGIONE PER LA REALIZZAZIONE DI ATTIVITA' CULTURALI;0;0;0
2;2;2350;2022350;E23500050;CONTRIBUTO DELLA REGIONE, TRAMITE IBC, PER L'ARCHIVIO DELLA PRODUZIONE;0;0;0
2;2;2350;2022350;E23510000;CONTRIBUTO DELLA REGIONE PER IL PREMIO LETTERARIO NAVILE CITTA' DI;0;0;0
2;2;2350;2022350;E23520000;"CONTRIBUTO DELLA REGIONE PER IL PROGETTO ""SERVIZIO CIVILE REGIONALE -";0;0;0
2;2;2350;2022350;E23550000;CONTRIBUTO DELLA REGIONE PER LA REALIZZAZIONE DELL'ALLESTIMENTO DEL;0;0;0
2;2;2350;2022350;E23560000;CONTRIBUTO DELLA REGIONE PER INIZIATIVE DI EDUCAZIONE AMBIENTALE DEL;0;0;0
2;2;2350;2022350;E23600000;"CONTRIBUTO DELLA REGIONE PER LA REALIZZAZIONE DEL PROGETTO ""DESTINAZIONE";0;0;0
2;2;2350;2022350;E23640000;"CONTRIBUTO DELLA REGIONE PER IL PROGETTO ""ADOTTA UN RITMO: DIALOGO TRA";0;0;0
2;2;2350;2022350;E23640050;CONTRIBUTO DELLA REGIONE PER INTERVENTI PER LA COOPERAZIONE;0;0;0
2;2;2350;2022350;E23650050;CONTRIBUTO DELLA REGIONE PER INTERVENTI INERENTI LE POLITICHE PER LA;0;0;0
2;2;2350;2022350;E23650100;CONTRIBUTO DELLA REGIONE PER INTERVENTI INERENTI LE POLITICHE PER LA;0;0;0
2;2;2350;2022350;E23650150;CONTRIBUTO DELLA REGIONE PER INTERVENTI INERENTI LE POLITICHE PER LA;0;0;0
2;2;2350;2022350;E23650160;CONTRIBUTO DELLA REGIONE PER INTERVENTI INERENTI LE POLITICHE PER LA;0;0;0
2;2;2350;2022350;E23650200;CONTRIBUTO DELLA REGIONE PER INTERVENTI INERENTI LE POLITICHE PER LA;0;0;0
2;2;2350;2022350;E23650300;CONTRIBUTO DELLA REGIONE PER INTERVENTI INERENTI LE POLITICHE PER LA;0;0;0
2;2;2350;2022350;E23660000;CONTRIBUTO DELLA REGIONE PER LA REALIZZAZIONE DI UN PROGETTO DI;0;0;0
2;2;2350;2022350;E23670000;CONTRIBUTO DELLA REGIONE PER I PIANI DI ZONA DEI SERVIZI SOCIALI;0;0;0
2;2;2350;2022350;E23700000;"CONTRIBUTO DELLA REGIONE PER IL ""CENTRO PER LE FAMIGLIE""";35393,15;35393,15;35393,15
2;2;2350;2022350;E23700050;CONTRIBUTO DELLA REGIONE PER INIZIATIVE A FAVORE DELLE FAMIGLIE NUMEROSE;0;0;0
2;2;2350;2022350;E23700100;CONTRIBUTO DELLA REGIONE PER INIZIATIVE A FAVORE DI FAMIGLIE CON FIGLI;0;0;0
2;2;2350;2022350;E23720000;CONTRIBUTO DELLA REGIONE PER L'ATTUAZIONE DEL PROGRAMMA STRAORDINARIO A;1725838;1725838;1725838
2;2;2350;2022350;E23800000;CONTRIBUTO DELLA REGIONE PER IL SERVIZIO PRESTITI SULL'ONORE;0;0;0
2;2;2350;2022350;E23810000;CONTRIBUTI DELLA REGIONE PER INIZIATIVE IN MATERIA DI ADOZIONI;0;0;0
2;2;2350;2022350;E23820000;CONTRIBUTO DELLA REGIONE PER L'INFANZIA: IMPLEMENTAZIONE DEL SOFT-WARE;0;0;0
2;2;2350;2022350;E23820050;CONTRIBUTO DELLA REGIONE PER L'INFANZIA: AZIONE COORDINATA DELLA;0;0;0
2;2;2350;2022350;E23820100;CONTRIBUTO DELLA REGIONE PER L'INFANZIA: PROGRAMMI DI INTERVENTI SOCIO;243698;243698;243698
2;2;2350;2022350;E24250000;CONTRIBUTO DELLA REGIONE PER LOTTA ALLA PROSTITUZIONE: PROGETTO;26840,6;26840,6;26840,6
2;2;2350;2022350;E24300000;CONTRIBUTO REGIONALE PER ATTIVITA' ED INTERVENTI VARI A FAVORE DI;180824;180824;180824
2;2;2350;2022350;E24310000;CONTRIBUTO DELLA REGIONE PER INTERVENTI SOCIO ASSISTENZIALI;486415;486415;486415
2;2;2350;2022350;E24310050;CONTRIBUTO DELLA REGIONE PER INTERVENTI SOCIO ASSISTENZIALI: PROGETTI;0;0;0
2;2;2350;2022350;E24310100;CONTRIBUTO DELLA REGIONE PER INTERVENTI SOCIO ASSISTENZIALI: PROGETTI;0;0;0
2;2;2350;2022350;E24310300;CONTRIBUTO DELLA REGIONE PER INTERVENTI SOCIO ASSISTENZIALI: PROGETTO;0;0;0
2;2;2350;2022350;E24310350;CONTRIBUTO DELLA REGIONE PER INTERVENTI SOCIO ASSISTENZIALI:;480000;480000;480000
2;2;2350;2022350;E24320000;CONTRIBUTO DELLA REGIONE PER ATTIVITA' SOCIO ASSISTENZIALI: INTERVENTI A;0;0;0
2;2;2350;2022350;E24320100;CONTRIBUTO DELLA REGIONE PER ATTIVITA' SOCIO ASSISTENZIALI: PROGETTO;0;0;0
2;2;2350;2022350;E24320150;CONTRIBUTO DELLA REGIONE PER ATTIVITA' SOCIO ASSISTENZIALI: INTERVENTI;0;0;0
2;2;2350;2022350;E24320250;CONTRIBUTO DELLA REGIONE PER ATTIVITA' SOCIO ASSISTENZIALI: FORMAZIONE;0;0;0
2;2;2350;2022350;E24320300;CONTRIBUTO DELLA REGIONE PER ATTIVITA' SOCIO ASSISTENZIALI: INTERVENTI;0;0;0
2;2;2350;2022350;E24320350;CONTRIBUTO DELLA REGIONE PER ATTIVITA' SOCIO ASSISTENZIALI: PROMOZIONE;0;0;0
2;2;2350;2022350;E24330000;CONTRIBUTI DELLA REGIONE PER INIZIATIVE SOCIO PROMOZIONALI A FAVORE DI;423326;423326;423326
2;2;2350;2022350;E24340000;CONTRIBUTI DELLA REGIONE PER INTERVENTI SULLE TOSSICODIPENDENZE ED;181196;181196;181196
2;2;2350;2022350;E24350000;"TRASFERIMENTO DALLA REGIONE DI FONDI STATALI PER IL PROGETTO ""PALESTRA";0;0;0
2;2;2350;2022350;E24360000;CONTRIBUTO DELLA REGIONE PER PROGETTI ED INTERVENTI SOCIO ASSISTENZIALI;0;0;0
2;2;2350;2022350;E24360050;CONTRIBUTO DELLA REGIONE PER PROGETTI ED INTERVENTI SOCIO-ASSISTENZIALI;0;0;0
2;2;2350;2022350;E24360100;CONTRIBUTO DELLA REGIONE PER IL TRASFERIMENTO DELLE COMPETENZE RELATIVE;0;0;0
2;2;2350;2022350;E24370000;CONTRIBUTI REGIONALI PER PROGETTI ED INTERVENTI SOCIO-ASSISTENZIALI;0;0;0
2;2;2350;2022350;E24370010;"CONTRIBUTI REGIONALI - RISORSE STATALI ""FONDO PER LA NON";0;0;0
2;2;2350;2022350;E24370050;CONTRIBUTI REGIONALI PER PROGETTI ED INTERVENTI SOCIO-ASSISTENZIALI;0;0;0
2;2;2350;2022350;E24500000;CONTRIBUTO REGIONALE PER L'ABBATTIMENTO DELLE BARRIERE ARCHITETTONICHE;0;0;0
2;2;2350;2022350;E24700000;CONTRIBUTI DELLA REGIONE PER INDIGENTI RIENTRATI DALL'ESTERO E;0;0;0
2;2;2350;2022350;E24710000;CONTRIBUTO DELLA REGIONE PER LA REALIZZAZIONE DI UNA BANCA DATI;0;0;0
2;2;2350;2022350;E24720000;"CONTRIBUTO DELLA REGIONE PER IL PROGETTO ""POWER - PORTALI WEB";0;0;0
2;2;2350;2022350;E24740000;TRASFERIMENTO DALLA REGIONE DI FONDI DELLA COMMISSIONE EUROPEA PER IL;0;0;0
2;2;2350;2022350;E24750000;CONTRIBUTO DELLA REGIONE - ISTITUTO PER I BENI ARTISTICI CULTURALI E;0;0;0
2;2;2350;2022350;E24760000;CONTRIBUTO DELLA REGIONE PER ATTIVITA' DI NATURA EDUCATIVA E;0;0;0
2;2;2350;2022350;E24770000;CONTRIBUTO DELLA REGIONE PER PRESTAZIONI SPECIALISTICHE VARIE PER OPERE;0;0;0
2;2;2350;2022350;E24780000;CONTRIBUTO DELLA REGIONE PER LA RIQUALIFICAZIONE DEGLI SPAZI PUBBLICI;0;0;0
2;2;2350;2022350;E24800000;TRASFERIMENTO DALLA REGIONE DI FONDI DELL'ISTAT PER LO SVOLGIMENTO DEI;0;0;0
2;2;2350;2022350;E24815000;CONTRIBUTO DELLA REGIONE PER IL PIANO REGIONALE PER LA LOTTA ALLA;0;0;0
2;2;2350;2022350;E24820000;CONTRIBUTO DELLA REGIONE PER LA REALIZZAZIONE DEL PROGETTO DI;0;0;0
2;2;2350;2022350;E24850000;CONTRIBUTO DELLA REGIONE (FONDO NAZIONALE) PER IL SOSTEGNO ALL'ACCESSO;0;0;0
2;2;2350;2022350;E24900000;CONTRIBUTI DELLE REGIONI PER PROGETTI DI COOPERAZIONE INTERNAZIONALE;0;0;0
2;2;2400;2022400;E25050000;CONTRIBUTI DELLA REGIONE PER LA REALIZZAZIONE DI ATTIVITA' VARIE;0;0;0
2;4;2600;2042600;E26700000;CONTRIBUTI DELL'UNIONE EUROPEA TRAMITE OMEGA GENERATION PER L'ATTUAZIONE;0;0;0
2;4;2600;2042600;E26700050;"CONTRIBUTO DELLA COMMISSIONE EUROPEA PER IL PROGETTO ""PIKE"" FINALIZZATO";0;0;0
2;4;2600;2042600;E26700100;CONTRIBUTO DELLA COMMISSIONE EUROPEA, TRAMITE INSTITUT MUNICIPAL;111359;111359;111359
2;4;2600;2042600;E26710000;CONTRIBUTI DELL'UNIONE EUROPEA PER L'ATTUAZIONE DI PROGETTI EUROPEI;0;0;0
2;4;2600;2042600;E26720000;CONTRIBUTI DELL'UNIONE EUROPEA PER INIZIATIVE NEL SETTORE EDUCATIVO E;0;0;0
2;4;2600;2042600;E26720050;CONTRIBUTO DELLA COMMISSIONE EUROPEA PER INIZIATIVE NEL SETTORE;0;0;0
2;4;2600;2042600;E26730000;CONTRIBUTI DELL'UNIONE EUROPEA PER ATTIVITA' RIVOLTE AI GIOVANI;0;0;0
2;4;2600;2042600;E26750000;"CONTRIBUTO DELL'UNIONE EUROPEA PER LA REALIZZAZIONE DEL PROGETTO ""IL";0;0;0
2;4;2600;2042600;E26800050;CONTRIBUTO DELL'UNIONE EUROPEA PER LA REALIZZAZIONE DEL PROGETTO CITY;0;0;0
2;4;2600;2042600;E26800100;CONTRIBUTO DELL'UNIONE EUROPEA PER LA REALIZZAZIONE DEL PROGETTO P_2_P;0;0;0
2;4;2600;2042600;E26850000;CONTRIBUTO DELLA COMMISSIONE EUROPEA PER LA REALIZZAZIONE DEL PROGETTO;0;0;0
2;4;2600;2042600;E26900000;CONTRIBUTO DELLA COMMISSIONE EUROPEA, TRAMITE THE BALTIC INSTITUTE OF;0;0;0
2;4;2600;2042600;E26900050;CONTRIBUTO DELLA COMMISSIONE EUROPEA, TRAMITE IL COMUNE DI MANCHESTER,;0;0;0
2;4;2600;2042600;E26950000;CONTRIBUTO DELL'UNIONE EUROPEA PER LA REALIZZAZIONE DEL PROGETTO;0;0;0
2;4;2600;2042600;E27000000;"CONTRIBUTO DELLA COMMISSIONE EUROPEA PER IL PROGETTO ""SMARTFREIGHT""";0;0;0
2;4;2600;2042600;E27000100;CONTRIBUTO DELLA COMMISSIONE EUROPEA, TRAMITE L'ORGANIZZAZIONE THALES;0;0;0
2;4;2600;2042600;E27000150;"CONTRIBUTO DELLA COMMISSIONE EUROPEA PER IL PROGETTO ""CIVITAS - MIMOSA""";2481099,9;0;0
2;4;2600;2042600;E27200000;CONTRIBUTO DELLA COMMISSIONE EUROPEA PER LA REALIZZAZIONE DEL PROGETTO;0;0;0
2;4;2600;2042600;E27200050;CONTRIBUTO DELLA COMMISSIONE EUROPEA PER LA REALIZZAZIONE DEL PROGETTO;0;0;0
2;4;2600;2042600;E27250100;CONTRIBUTO DELLA COMMISSIONE EUROPEA PER INTERVENTI INERENTI LE;0;0;0
2;4;2600;2042600;E27250150;CONTRIBUTO DELL'UNIONE EUROPEA (TRAMITE COMUNE DI GIJON - SPAGNA)PER;0;0;0
2;4;2600;2042600;E27250160;CONTRIBUTO DELL'UNIONE EUROPEA PER INTERVENTI INERENTI LPOLITICHE PER;0;0;0
2;4;2600;2042600;E27250250;CONTRIBUTO DELL'UNIONE EUROPEA, TRAMITE IL COORDINATORE, PER INTERVENTI;0;0;0
2;4;2600;2042600;E27300000;CONTRIBUTO DELLA COMMISSIONE EUROPEA (TRAMITE IL COMUNE DI EINDHOVEN -;0;0;0
2;4;2600;2042600;E27300050;CONTRIBUTO DELLA COMMISSIONE EUROPEA, TRAMITE EAHC, PER LA REALIZZAZIONE;0;0;0
2;4;2600;2042600;E27300100;CONTRIBUTO DELLA COMMISSIONE EUROPEA, TRAMITE EURO CITIES, PER LA;0;0;0
2;4;2600;2042600;E27300150;CONTRIBUTO DELL'UNIONE EUROPEA, TRAMITE IL COMUNE DI BUDAPEST, PER LA;0;0;0
2;4;2600;2042600;E27350000;CONTRIBUTO DELL'UNIONE EUROPEA PER LA REALIZZAZIONE DEL PROGETTO;0;0;0
2;4;2600;2042600;E27350050;CONTRIBUTO DELLA COMMISSIONE EUROPEA PER LA REALIZZAZIONE DEL PROGETTO;0;0;0
2;4;2600;2042600;E27360000;CONTRIBUTO DELL'UNIONE EUROPEA TRAMITE IAL PER PROGRAMMA EQUAL: PROGETTI;0;0;0
2;4;2600;2042600;E27360050;CONTRIBUTO DELL'UNIONE EUROPEA TRAMITE IAL PER PROGRAMMA EQUAL: PROGETTI;0;0;0
2;4;2600;2042600;E27450000;CONTRIBUTO DELL'UNIONE EUROPEA PER PROGETTO ALFABETIZZAZIONE CITTADINI;0;0;0
2;4;2600;2042600;E27550000;CONTRIBUTO DELL'UNIONE EUROPEA PER LA REALIZZAZIONE DEL PROGETTO DI;0;0;0
2;4;2600;2042600;E27650000;CONTRIBUTO DELLA COMMISSIONE EUROPEA PER LA REALIZZAZIONE DEL PROGETTO;0;0;0
2;4;2600;2042600;E27700000;CONTRIBUTI DELL'UNIONE EUROPEA PER PROGETTI ED INIZIATIVE AMBIENTALI;0;0;0
2;4;2600;2042600;E27700050;CONTRIBUTO DELLA COMMISSIONE EUROPEA PER ATTIVITA' NEL CAMPO AMBIENTALE:;0;0;0
2;4;2600;2042600;E27700100;CONTRIBUTO DELLA COMMISSIONE EUROPEA TRAMITE ORGANISMI INTERNAZIONALI;0;0;0
2;4;2600;2042600;E27700150;CONTRIBUTO DELLA COMMISSIONE EUROPEA TRAMITE ORGANISMI INTERNAZIONALI;0;0;0
2;4;2600;2042600;E27700200;CONTRIBUTO DELLA COMMISSIONE EUROPEA PER ATTIVITA' NEL CAMPO AMBIENTALE:;0;0;0
2;4;2600;2042600;E27700250;CONTRIBUTO DELLA COMMISSIONE EUROPEA, TRAMITE L'UNIVERSITA' DI READING;0;0;0
2;4;2600;2042600;E27700300;CONTRIBUTO DELLA COMMISSIONE EUROPEA, TRAMITE L'ENTE CAPOFILA, PER IL;0;0;0
2;4;2600;2042600;E27700350;CONTRIBUTO DELLA COMMISSIONE EUROPEA, TRAMITE L'ENTE CAPOFILA, PER IL;0;0;0
2;4;2600;2042600;E27750000;CONTRIBUTI DA PARTE DI ORGANISMI COMUNITARI E INTERNAZIONALI PER LA;0;0;0
2;4;2600;2042600;E27800000;CONTRIBUTI E FINANZIAMENTI DELLA COMMISSIONE EUROPEA E DI ALTRI;0;0;0
2;5;2700;2052700;E28000000;ENTRATA PROVENIENTE DALL'UNIVERSITA' DEGLI STUDI DI BOLOGNA PER RENDITA;0;0;0
2;5;2700;2052700;E28010000;CONTRIBUTO DELL'UNIVERSITA' DEGLI STUDI DI BOLOGNA PER L'UTILIZZO DELLE;516457;516457;516457
2;5;2700;2052700;E28010050;CONTRIBUTO DELL'UNIVERSITA' DI BOLOGNA, DI FONDI DELLA COMMISSIONE;0;0;0
2;5;2700;2052700;E28010100;CONTRIBUTO DELL'UNIVERSITA' DI PADOVA - DSE, DI FONDI DEL MINISTERO DEL;0;0;0
2;5;2700;2052700;E28010150;CONTRIBUTO DELL'UNIVERSITA' DI BOLOGNA PER L'ACQUISTO DI MATERIALE PER;0;0;0
2;5;2700;2052700;E28020000;CONTRIBUTO DELLA PROVINCIA A SUPPORTO DELLA GESTIONE DEGLI ASILI NIDO;0;0;0
2;5;2700;2052700;E28020050;CONTRIBUTO DELLA PROVINCIA PER ATTIVITA' DEL LABORATORIO DI;32000;32000;32000
2;5;2700;2052700;E28020060;TRASFERIMENTO DALLA PROVINCIA DI FONDI REGIONALI PER IL DIRITTO ALLO;0;0;0
2;5;2700;2052700;E28020100;TRASFERIMENTO DALLA PROVINCIA DI FONDI REGIONALI PER LA GESTIONE DEI;300000;300000;300000
2;5;2700;2052700;E28020110;TRASFERIMENTO DALLA PROVINCIA DI FONDI REGIONALI PER IL PROGETTO DI;0;0;0
2;5;2700;2052700;E28020150;TRASFERIMENTO DALLA PROVINCIA DI FONDI REGIONALI PER IL DIRITTO ALLO;150000;150000;150000
2;5;2700;2052700;E28020200;TRASFERIMENTO DALLA PROVINCIA DI FONDI REGIONALI PER PROGETTI NEL CAMPO;8000;8000;8000
2;5;2700;2052700;E28020250;TRASFERIMENTO DALLA PROVINCIA DI FONDI REGIONALI PER LA FORNITURA DEI;274699,71;274699,71;274699,71
2;5;2700;2052700;E28020300;TRASFERIMENTO DALLA PROVINCIA DI FONDI REGIONALI PER BORSE DI STUDIO;0;0;0
2;5;2700;2052700;E28040000;CONTRIBUTO DELLA PROVINCIA PER LE ELEZIONI DEGLI ORGANI CONSULTIVI DEI;0;0;0
2;5;2700;2052700;E28100010;CONTRIBUTO DELLA PROVINCIA PER LA REALIZZAZIONE DEL PROGETTO DI;0;0;0
2;5;2700;2052700;E28100050;CONTRIBUTO DELLA PROVINCIA (TRASFERIMENTO DI FONDI REGIONALI) PER LA;0;0;0
2;5;2700;2052700;E28100100;TRASFERIMENTO DALLA PROVINCIA DI FONDI REGIONALI PER L'ACQUISIZIONE DI;0;0;0
2;5;2700;2052700;E28100150;TRASFERIMENTO DALLA PROVINCIA DI FONDI REGIONALI PER INTERVENTI;36000;36000;36000
2;5;2700;2052700;E28100250;TRASFERIMENTO DALLA PROVINCIA DI FONDI REGIONALI PER IL PROGETTO;0;0;0
2;5;2700;2052700;E28100300;TRASFERIMENTO DALLA PROVINCIA DI FONDI REGIONALI PER LA REALIZZAZIONE;0;0;0
2;5;2700;2052700;E28100350;TRASFERIMENTO DALLA PROVINCIA DI FONDI REGIONALI PER LA PROMOZIONE DELLE;0;0;0
2;5;2700;2052700;E28100400;"CONTRIBUTO DELLA PROVINCIA PER IL PROGETTO ""SISTEMA A RETE REGIONALE""";0;0;0
2;5;2700;2052700;E28100450;CONTRIBUTO DELLA PROVINCIA PER IL PIANO CLIMA LOCALE;19500;19500;19500
2;5;2700;2052700;E28150000;TRASFERIMENTO DALLA PROVINCIA DI FONDI REGIONALI PER LA GESTIONE DEGLI;0;0;0
2;5;2700;2052700;E28150050;TRASFERIMENTO DALLA PROVINCIA DI FONDI REGIONALI PER LA PROMOZIONE;0;0;0
2;5;2700;2052700;E28200000;CONTRIBUTO DELLA PROVINCIA PER IL FUNZIONAMENTO DEGLI SPORTELLI COMUNALI;0;0;0
2;5;2700;2052700;E28300000;CONTRIBUTO DELL'AZIENDA U.S.L. DI BOLOGNA PER LA REALIZZAZIONE DEL;0;0;0
2;5;2700;2052700;E28300100;CONTRIBUTO DELL'AZIENDA U.S.L. DI BOLOGNA PER INTERVENTI NELL'AREA DELLE;199330;0;0
2;5;2700;2052700;E28300150;CONTRIBUTO DELL'AZIENDA U.S.L. DI BOLOGNA PER GLI ONERI A RILIEVO;0;0;0
2;5;2700;2052700;E28300200;TRASFERIMENTO DALL'AZIENDA USL DI BOLOGNA DEL CONTRIBUTO DELLA REGIONE;71586,71;71586,71;71586,71
2;5;2700;2052700;E28350000;CONTRIBUTO DELL'AZIENDA U.S.L. DI BOLOGNA PER LA REALIZZAZIONE DEL;0;0;0
2;5;2700;2052700;E28400000;CONTRIBUTO DELLA PROVINCIA, ANCHE SU FONDI REGIONALI,  PER LA;0;0;0
2;5;2700;2052700;E28400200;"CONTRIBUTO DELLA PROVINCIA PER IL PROGETTO ""NUOVA ANAGRAFE DELL'EDILIZIA";0;0;0
2;5;2700;2052700;E28410000;CONTRIBUTO DELLA PROVINCIA PER IL PREMIO LETTERARIO NAVILE CITTA' DI;0;0;0
2;5;2700;2052700;E28450000;CONTRIBUTO DELLA PROVINCIA PER SERVIZI PER I MINORI;0;0;0
2;5;2700;2052700;E28450050;CONTRIBUTO DELLA PROVINCIA PER ATTIVITA' PROMOZIONALI A FAVORE DEI;0;0;0
2;5;2700;2052700;E28560000;CONTRIBUTO DELLA PROVINCIA PER I PIANI DI ZONA DEI SERVIZI SOCIALI;0;0;0
2;5;2700;2052700;E28560050;CONTRIBUTO DELLA PROVINCIA PER INTERVENTI UMANITARI A FAVORE DI;0;0;0
2;5;2700;2052700;E28560100;CONTRIBUTO DELLA PROVINCIA PER LA REALIZZAZIONE DI ATTIVITA';0;0;0
2;5;2700;2052700;E28560110;CONTRIBUTO DELLA PROVINCIA PER ATTIVITA' SOCIO CULTURALI DEL QUARTIERE;0;0;0
2;5;2700;2052700;E28560150;"CONTRIBUTO DELLA PROVINCIA PER IL PROGETTO ""CORSO OPERATORI SOCIALI -";0;0;0
2;5;2700;2052700;E28600000;"CONTRIBUTO DELLA PROVINCIA PER LA REALIZZAZIONE DEL PROGETTO ""MONEY";55777;55777;55777
2;5;2700;2052700;E28610050;"TRASFERIMENTO DAL COMUNE DI MODENA PER IL PROGETTO ""MINORI E MIGRAZIONI:";0;0;0
2;5;2700;2052700;E28610060;TRASFERIMENTO DAL COMUNE DI MODENA DI FONDI DEL MINISTERO DELLA;0;0;0
2;5;2700;2052700;E28610150;CONTRIBUTO DEL COMUNE DI MODENA PER LA GESTIONE DEL SISTEMA INFORMATIVO;0;0;0
2;5;2700;2052700;E28650000;TRASFERIMENTO DAI COMUNI DELLA PROVINCIA PER LE ATTIVITA' RELATIVE AL;0;0;0
2;5;2700;2052700;E28650010;TRASFERIMENTO DAI COMUNI DELLA PROVINCIA PER PROGETTI AREA PROSTITUZIONE;0;0;0
2;5;2700;2052700;E28650050;TRASFERIMENTO DAL COMUNE DI TORINO DI FONDI DELLA PRESIDENZA DEL;0;0;0
2;5;2700;2052700;E28650100;TRASFERIMENTO DAI COMUNI ENTI CAPOFILA DI FONDI DELLA PRESIDENZA DEL;0;0;0
2;5;2700;2052700;E28650150;CONTRIBUTO DEL COMUNE DI CENTO PER INIZIATIVE A SOSTEGNO DI ATTIVITA';0;0;0
2;5;2700;2052700;E28650200;TRASFERIMENTO DAL COMUNE DI MILANO DI FONDI DELLA COMMISSIONE EUROPEA;0;0;0
2;5;2700;2052700;E28650250;TRASFERIMENTO DAI COMUNI DELLA PROVINCIA PER LA GESTIONE DEL CAAD;11680,58;11680,58;11680,58
2;5;2700;2052700;E28700000;"CONTRIBUTO DEI COMUNI ADERENTI AL CIRCUITO ""CITTA' D'ARTE DELLA PIANURA";0;0;0
2;5;2700;2052700;E28720000;CONTRIBUTI DI ALTRI ENTI PUBBLICI PER ATTIVITA' CULTURALI;10000;10000;10000
2;5;2700;2052700;E28720050;CONTRIBUTI DI ALTRI ENTI PUBBLICI PER LA REALIZZAZIONE DI ATTIVITA' DEL;0;0;0
2;5;2700;2052700;E28730000;TRASFERIMENTI DALLE ISTITUZIONI COMUNALI PER PRODOTTI E SERVIZI;0;0;0
2;5;2700;2052700;E28750000;CONTRIBUTI DI ALTRI ENTI PUBBLICI PER INIZIATIVE CON FINALITA';0;0;0
2;5;2700;2052700;E28750010;CONTRIBUTI DI ALTRI ENTI PUBBLICI - COMUNE DI PARMA - PER LA;0;0;0
2;5;2700;2052700;E28750050;CONTRIBUTI DI ALTRI ENTI PUBBLICI (COMUNI DELLA PROVINCIA)PER LA;0;0;0
2;5;2700;2052700;E28750150;CONTRIBUTI DI ALTRI ENTI PUBBLICI - CNIPA - PER LA REALIZZAZIONE DI;0;0;0
2;5;2700;2052700;E28750200;CONTRIBUTI DI ALTRI ENTI PUBBLICI - ISTAT - PER ATTIVITA' STATISTICA;25000;0;0
2;5;2700;2052700;E28750210;CONTRIBUTI DI ALTRI ENTI PUBBLICI: TRASFERIMENTO DALL'ISTAT PER LO;814250;0;0
2;5;2700;2052700;E28750250;CONTRIBUTI DI ALTRI ENTI PUBBLICI: TRASFERIMENTO DI FONDI EUROPEI;0;0;0
2;5;2700;2052700;E28750310;"CONTRIBUTO DI ALTRI ENTI PUBBLICI - INAIL PER IL PROGETTO ""GUIDA SICURA";0;0;0
2;5;2700;2052700;E28750320;"CONTRIBUTO DI ALTRI ENTI PUBBLICI - INAIL PER IL PROGETTO ""GIRO E";0;0;0
2;5;2700;2052700;E28750350;TRASFERIMENTO DA ALTRI ENTI PUBBLICI - FONDI STATALI TRAMITE ANCI - PER;0;0;0
2;5;2700;2052700;E28750360;CONTRIBUTI DA ALTRI ENTI PUBBLICI - ANCI, DIPARTIMENTO IMMIGRAZIONE -;0;0;0
2;5;2700;2052700;E28750370;CONTRIBUTI DA ALTRI ENTI PUBBLICI - ANCI - PER IL PROGETTO CITTA';0;0;0
2;5;2700;2052700;E28750380;CONTRIBUTI DI ALTRI ENTI PUBBLICI - ANCI PER IL POTENZIAMENTO DELLA;0;0;0
2;5;2700;2052700;E28750390;"CONTRIBUTO DI ALTRI ENTI PUBBLICI - ATOBO PER IL PROGETTO ""RIMODULAZIONE";0;0;0
2;5;2700;2052700;E28750400;CONTRIBUTI DI ALTRI ENTI PUBBLICI: TRASFERIMENTO DALL'U.P.I. DI FONDI;0;0;0
2;5;2700;2052700;E28750450;CONTRIBUTI DI ALTRI ENTI PUBBLICI - ASP CITTADINE: INTERVENTI PER IL;0;0;0
2;5;2700;2052700;E28750500;CONTRIBUTI DI ALTRI ENTI PUBBLICI - TRASFERIMENTO DALL'ISTITUZIONE PER;0;0;0
2;5;2700;2052700;E28750550;CONTRIBUTI DI ALTRI ENTI PUBBLICI PER COORDINAMENTO PEDAGOGICO DELLE;0;0;0
2;5;2700;2052700;E28760000;CONTRIBUTO INPDAP PER EROGAZIONE DI SERVIZI E PRESTAZIONI A PENSIONATI;0;0;0
2;5;2700;2052700;E28760050;CONTRIBUTO INPDAP PER EROGAZIONE DI SERVIZI E PRESTAZIONI;518000;518000;518000
2;5;2800;2052800;E28815000;CONTRIBUTO DELL'UNIVERSITA' DEGLI STUDI DI BOLOGNA PER L'UTILIZZO DELLE;0;0;0
2;5;2800;2052800;E28820000;CONTRIBUTO DELL'UNIVERSITA' DEGLI STUDI DI BOLOGNA PER LA GESTIONE DI;280000;280000;280000
2;5;2800;2052800;E28840000;CONTRIBUTI DELLA PROVINCIA E DI ALTRI ENTI PUBBLICI PER LA REALIZZAZIONE;0;0;0
2;5;2800;2052800;E28850000;CONTRIBUTO DEI COMUNI DELL'AREA SOVRACOMUNALE PER LA GESTIONE DEL;13150;13150;13150
2;5;2800;2052800;E28850050;CONTRIBUTO DALLE PROVINCE PER CIRCOLAZIONE DEI TRASPORTI E DEI VEICOLI;7500;7500;7500
2;5;2800;2052800;E28940000;CONTRIBUTO DELL'ASP IRIDES PER LA GESTIONE DI SERVIZI SOCIO EDUCATIVI;0;0;0
2;5;2800;2052800;E28950000;CONTRIBUTO DELL'AZIENDA U.S.L. DI BOLOGNA PER LA REALIZZAZIONE DEL;0;0;0
2;5;2800;2052800;E29000000;CONTRIBUTO DELL'AZIENDA U.S.L. DI BOLOGNA PER ASSISTENZA DOMICILIARE;0;0;0
2;5;2800;2052800;E29000050;CONTRIBUTO DELL'AZIENDA U.S.L. DI BOLOGNA PER ASSISTENZA DOMICILIARE;0;0;0
3;1;3000;3013000;E30000000;REFEZIONE SCOLASTICA: CONTRIBUTI DELLE FAMIGLIE, DI ENTI E DI PRIVATI -;0;0;0
3;1;3000;3013000;E30000050;REFEZIONE SCOLASTICA: CONTRIBUTI DELLE FAMIGLIE, DI ENTI E DI PRIVATI -;100000;100000;100000
3;1;3000;3013000;E30050000;SCUOLE DELL'INFANZIA COMUNALI: QUOTA DI ISCRIZIONE AL SERVIZIO;0;0;0
3;1;3000;3013000;E30100000;CONTRIBUTI DELLE FAMIGLIE PER IL TRASPORTO SCOLASTICO - SERVIZIO;240000;240000;240000
3;1;3000;3013000;E30100050;CONTRIBUTI DELLE FAMIGLIE PER IL TRASPORTO SCOLASTICO - SERVIZIO;8000;8000;8000
3;1;3000;3013000;E30150000;CONTRIBUTI DELLE FAMIGLIE PER I SERVIZI INTEGRATIVI DELLA SCUOLA -;1020000;1020000;1020000
3;1;3000;3013000;E30150050;CONTRIBUTI DELLE FAMIGLIE PER I SERVIZI INTEGRATIVI DELLA SCUOLA -;10000;10000;10000
3;1;3000;3013000;E30160000;CONTRIBUTI DELLE FAMIGLIE PER ESTATE IN CITTA' - SERVIZIO RILEVANTE AGLI;0;0;0
3;1;3000;3013000;E30160050;CONTRIBUTI DELLE FAMIGLIE PER ESTATE IN CITTA' - SERVIZIO RILEVANTE AGLI;3000;3000;3000
3;1;3000;3013000;E30350000;ASILI NIDO: CONTRIBUTI DELLE FAMIGLIE E DI ENTI - SERVIZIO RILEVANTE;4750000;4750000;4750000
3;1;3000;3013000;E30350050;ASILI NIDO: CONTRIBUTI DELLE FAMIGLIE E DI ENTI - SERVIZIO RILEVANTE;27000;27000;27000
3;1;3000;3013000;E30350100;ASILI NIDO: PROVENTI DA AZIENDE PER LA GESTIONE COMUNALE DI NIDI IN;0;0;0
3;1;3000;3013000;E30360000;SERVIZI EDUCATIVI TERRITORIALI RIVOLTI ALL'INFANZIA: CONTRIBUTI DELLE;30000;30000;30000
3;1;3000;3013000;E30400000;CONTRIBUTI DI ENTI E PRIVATI PER SOGGIORNI DI VACANZA ALL'INTERNO;0;0;0
3;1;3000;3013000;E30400050;CONTRIBUTI DI ENTI E PRIVATI PER SOGGIORNI DI STUDIO ALL'INTERNO;560000;560000;560000
3;1;3000;3013000;E30400100;CONTRIBUTI DI ENTI E PRIVATI PER SOGGIORNI DI STUDIO FUORI DALL'UNIONE;45000;45000;45000
3;1;3050;3013050;E30500050;PROVENTI DELLE ATTIVITA' DEL MUSEO CIVICO ARCHEOLOGICO - SERVIZIO;0;0;0
3;1;3050;3013050;E30500150;PROVENTI DELLE ATTIVITA' DEL MUSEO CIVICO ARCHEOLOGICO (BOOKSHOP ED;0;0;0
3;1;3050;3013050;E30550050;PROVENTI DELLE ATTIVITA' DEI MUSEI CIVICI D'ARTE ANTICA (BOOKSHOP) -;0;0;0
3;1;3050;3013050;E30550150;PROVENTI DELLE ATTIVITA' DEI MUSEI CIVICI D'ARTE ANTICA (BOOKSHOP ED;0;0;0
3;1;3050;3013050;E30600050;PROVENTI DELLE ATTIVITA' DELLA BIBLIOTECA DELL'ARCHIGINNASIO, MUSEO DEL;0;0;0
3;1;3050;3013050;E30600060;PROVENTI DELLE ATTIVITA' DELLA BIBLIOTECA DELL'ARCHIGINNASIO PER LA;0;0;0
3;1;3050;3013050;E30600150;PROVENTI DELLE ATTIVITA' DELLA BIBLIOTECA DELL'ARCHIGINNASIO (BOOKSHOP;0;0;0
3;1;3050;3013050;E30600200;PROVENTI DELLE ATTIVITA' DEL MUSEO INTERNAZIONALE  E BIBLIOTECA MUSICALE;0;0;0
3;1;3050;3013050;E30600250;PROVENTI DELLE ATTIVITA' DEL MUSEO INTERNAZIONALE E BIBLIOTECA  MUSICALE;0;0;0
3;1;3050;3013050;E30600300;PROVENTI DELLE ATTIVITA' DEL MUSEO INTERNAZIONALE E BIBLIOTECA  MUSICALE;0;0;0
3;1;3050;3013050;E30650050;PROVENTI DELLE ATTIVITA' DEGLI ISTITUTI CULTURALI - SERVIZIO RILEVANTE;0;0;0
3;1;3050;3013050;E30650100;PROVENTI DELLE ATTIVITA' DEI SERVIZI CULTURALI;0;0;0
3;1;3050;3013050;E30650150;PROVENTI DELLE ATTIVITA' DEGLI ISTITUTI CULTURALI - SERVIZIO RILEVANTE;0;0;0
3;1;3050;3013050;E30650200;PROVENTI DELLE ATTIVITA' DEGLI ISTITUTI CULTURALI - SERVIZIO RILEVANTE;0;0;0
3;1;3050;3013050;E30700000;PROVENTI DELL'ATTIVITA' DELLA BIBLIOTECA SALA BORSA - SERVIZIO RILEVANTE;0;0;0
3;1;3050;3013050;E30800000;PROVENTI DELLE ATTIVITA' DEL MUSEO DEL PATRIMONIO INDUSTRIALE (BOOKSHOP);0;0;0
3;1;3050;3013050;E30800050;PROVENTI DELLE ATTIVITA' DEL MUSEO DEL PATRIMONIO INDUSTRIALE - SERVIZIO;0;0;0
3;1;3050;3013050;E30800100;PROVENTI DELLE ATTIVITA' DEL MUSEO DEL PATRIMONIO INDUSTRIALE (BOOKSHOP;0;0;0
3;1;3100;3013100;E30900000;CONTRIBUTO DEGLI UTENTI PER I SERVIZI A FAVORE DEI PORTATORI DI;1070000;1070000;1070000
3;1;3100;3013100;E30900050;CONTRIBUTO DEGLI UTENTI PER I SERVIZI A FAVORE DEI PORTATORI DI;5000;5000;5000
3;1;3100;3013100;E30950000;CONTRIBUTO DEGLI UTENTI DEI SERVIZI SOCIALI: SERVIZI DOMICILIARI PER;704000;704000;704000
3;1;3100;3013100;E30950050;CONTRIBUTO DEGLI UTENTI DEI SERVIZI SOCIALI: SERVIZI DOMICILIARI PER;3000;3000;3000
3;1;3100;3013100;E31050000;CONTRIBUTO DEGLI UTENTI DEI SERVIZI SOCIALI: MENSE - SERVIZIO RILEVANTE;132000;132000;132000
3;1;3100;3013100;E31050050;CONTRIBUTO DEGLI UTENTI DEI SERVIZI SOCIALI: MENSE - SERVIZIO RILEVANTE;500;500;500
3;1;3100;3013100;E31150000;CONTRIBUTO DEGLI UTENTI DEI SERVIZI SOCIALI: CENTRI DIURNI PER ANZIANI-;0;0;0
3;1;3100;3013100;E31150050;CONTRIBUTO DEGLI UTENTI DEI SERVIZI SOCIALI: CENTRI DIURNI PER ANZIANI -;500;500;500
3;1;3200;3013200;E31250300;PROVENTI DEI SERVIZI FUNERARI: RECUPERO ESERCIZI PRECEDENTI;0;0;0
3;1;3200;3013200;E31250350;PROVENTI DEI SERVIZI FUNERARI: DIRITTI PER I SERVIZI CIMITERIALI,;850000;850000;850000
3;1;3200;3013200;E31260000;"PROVENTI PER LA REALIZZAZIONE DELLE ATTIVITA' PREVISTE NEL ""PROGETTO";0;0;0
3;1;3250;3013250;E31450000;PROVENTI DEL SERVIZIO PARCHEGGI - SERVIZIO RILEVANTE AGLI EFFETTI;840000;840000;840000
3;1;3250;3013250;E31450050;PROVENTI DEL SERVIZIO PARCHEGGI;3972431;3372431;3372431
3;1;3250;3013250;E31460000;PROVENTI DEL SERVIZIO DI RILASCIO PERMESSI PER L'ACCESSO IN ZONA;117000;117000;117000
3;1;3300;3013300;E31550000;SANZIONI AMMINISTRATIVE IN MATERIA DI CIRCOLAZIONE STRADALE - ESERCIZIO;26600000;26600000;26600000
3;1;3300;3013300;E31550050;SANZIONI AMMINISTRATIVE IN MATERIA DI CIRCOLAZIONE STRADALE - ESERCIZI;9000000;9000000;9000000
3;1;3300;3013300;E31550060;SANZIONI AMMINISTRATIVE IN MATERIA DI CIRCOLAZIONE STRADALE  - ESERCIZI;800000;800000;800000
3;1;3300;3013300;E31550100;SANZIONI AMMINISTRATIVE IN MATERIA DI CIRCOLAZIONE STRADALE - ENTRATE DI;16000000;16000000;16000000
3;1;3350;3013350;E31650000;SANZIONI AMMINISTRATIVE ANCHE ACCESSORIE: VIOLAZIONI AI REGOLAMENTI;300000;300000;300000
3;1;3350;3013350;E31660000;SANZIONI AMMINISTRATIVE IN MATERIA DI INQUINAMENTO ACUSTICO;25000;25000;25000
3;1;3350;3013350;E31700000;SANZIONI AMMINISTRATIVE IN MATERIA DI TUTELA E DI CONTROLLO DELLA;3000;3000;3000
3;1;3350;3013350;E31800000;SANZIONI DERIVANTI DALLA VIGILANZA E CONTROLLO DELL'ATTIVITA' EDILIZIA;600000;600000;600000
3;1;3350;3013350;E31810000;SANZIONI DERIVANTI DALL'APPLICAZIONE DELLA NORMATIVA RELATIVA AL DANNO;300000;300000;300000
3;1;3350;3013350;E31820000;SANZIONI AMMINISTRATIVE IN MATERIA DI ELETTROSMOG;10000;10000;10000
3;1;3350;3013350;E31840000;SANZIONI AMMINISTRATIVE IN MATERIA DI SCARICHI DI REFLUI;0;0;0
3;1;3350;3013350;E31850000;SANZIONI AMMINISTRATIVE IN MATERIA DI CAVE E TORBIERE;50000;50000;50000
3;1;3400;3013400;E32000000;DIRITTI PER IL RILASCIO DELLE CARTE D'IDENTITA';260000;260000;260000
3;1;3400;3013400;E32050000;DIRITTI DI SEGRETERIA: CERTIFICAZIONI ANAGRAFICHE;70000;70000;70000
3;1;3400;3013400;E32050050;DIRITTI DI SEGRETERIA: CONTRATTI;150000;150000;150000
3;1;3400;3013400;E32100000;DIRITTI D'UFFICIO E ALTRI DIRITTI;5000;5000;5000
3;1;3400;3013400;E32210000;DIRITTI DI ISTRUTTORIA INERENTI LE ATTIVITA' DELLO SPORTELLO ATTIVITA';35000;35000;35000
3;1;3400;3013400;E32220000;DIRITTI DI ISTRUTTORIA RELATIVI ALLE PROCEDURE PER LA VALUTAZIONE;20000;20000;20000
3;1;3400;3013400;E32230000;DIRITI DI SEGRETERIA PER LA GESTIONE DELLE PRATICHE RELATIVE AL VINCOLO;0;0;0
3;1;3400;3013400;E32240000;DIRITTI DI ISTRUTTORIA PER LE PRATICHE DI RILASCIO DELLE AUTORIZZAZIONI;20000;20000;20000
3;1;3400;3013400;E32250000;DIRITTI DI SEGRETERIA DI CUI ALLA LEGGE 19.03.1993 N. 68;1050000;1050000;1050000
3;1;3400;3013400;E32250050;DIRITTI DI SEGRETERIA CONDONO EDILIZIO DI CUI ALLA L.R. 23/04 ART. 27;0;0;0
3;1;3450;3013450;E32300050;PROVENTI DERIVANTI DALLA NOTIFICA DI ATTI PER ALTRI ENTI;50000;50000;50000
3;1;3450;3013450;E32350000;PROVENTI DERIVANTI DALLA VENDITA DI SERVIZI DIVERSI A SOSTEGNO;0;0;0
3;1;3450;3013450;E32350050;PROVENTI DERIVANTI DALLA VENDITA DI SERVIZI DIVERSI A SOSTEGNO;0;0;0
3;1;3450;3013450;E32400000;PROVENTI PER DOCUMENTAZIONE AUTOMATIZZATA;60000;60000;60000
3;1;3450;3013450;E32450000;PROVENTI PER LA VENDITA DI ELABORATI REDATTI IN CONSEGUENZA DI INCIDENTI;60000;60000;60000
3;1;3450;3013450;E32500050;PROVENTI PER LA CONCESSIONE DEI SERVIZI DI RIMOZIONE, DEPOSITERIA E;300000;300000;300000
3;1;3450;3013450;E32560000;PROVENTI DERIVANTI DALLA VENDITA DI ELABORATI E DOCUMENTAZIONE INERENTI;550;550;550
3;1;3450;3013450;E32600000;PROVENTI DEI SISTEMI INFORMATICI PER LAVORI PER CONTO DI TERZI -;500;500;500
3;1;3450;3013450;E32600050;PROVENTI DEI SISTEMI INFORMATICI PER LAVORI PER CONTO DI TERZI -;1000;1000;1000
3;1;3450;3013450;E32700000;PROVENTI PER LA CONCESSIONE DI SPAZI PER L'INSTALLAZIONE DI IMPIANTI;4319000;4319000;4319000
3;1;3450;3013450;E32745000;PROVENTI E RECUPERI INERENTI SERVIZI DI CUI AL D.LGS. 626/94 (SICUREZZA;0;0;0
3;1;3450;3013450;E32750000;ALTRE ENTRATE CORRENTI;5000;5000;5000
3;1;3450;3013450;E32755000;PROVENTI DEI SERVIZI OFFERTI DAL CANILE/GATTILE MUNICIPALE - SERVIZIO;20000;20000;20000
3;1;3450;3013450;E32760000;PROVENTI DERIVANTI DALLA VENDITA DI MICROCHIP PER ISCRIZIONE ANAGRAFE;5000;5000;5000
3;1;3450;3013450;E32770000;PROVENTI DERIVANTI DAL CONTROLLO RENDIMENTO CENTRALI TERMICHE IN;150000;150000;150000
3;1;3450;3013450;E32780000;PROVENTI DERIVANTI DALLA GESTIONE DEI SERVIZI IGIENICI PUBBLICI -;700;700;700
3;1;3450;3013450;E32790000;PROVENTI DERIVANTI DA AUTORIZZAZIONI ATTIVITA' IN CAMPO URBANISTICO -;0;0;0
3;1;3450;3013450;E32800000;PROVENTI DELLA VENDITA DI STAMPATI, CARTOGRAFIA DIGITALE E INDICATORI;6000;6000;6000
3;1;3450;3013450;E32800150;PROVENTI DA CENSIMENTO DEGLI IMMOBILI - SERVIZIO RILEVANTE AGLI EFFETTI;0;0;0
3;2;3500;3023500;E33200000;FITTI DI ALLOGGI DI PROPRIETA' DELLE AZIENDE SCUOLE PIE ED EREDITA';0;0;0
3;2;3500;3023500;E33250000;FITTI DI IMMOBILI AD USO ABITATIVO - SERVIZIO RILEVANTE AGLI EFFETTI;11000;11000;11000
3;2;3500;3023500;E33350000;FITTI DI ALLOGGI DELLA FONDAZIONE BRUNE';5375;5375;5375
3;2;3500;3023500;E33600000;FITTI DI ALLOGGI DI EDILIZIA RESIDENZIALE PUBBLICA;300000;300000;300000
3;2;3500;3023500;E33600060;FITTI DI ALLOGGI DI EDILIZIA RESIDENZIALE PUBBLICA EX PROPRIETA' IACP;0;0;0
3;2;3500;3023500;E33700000;FITTI DI ALLOGGI PER IMMIGRATI, PROFUGHI/NOMADI;150000;150000;150000
3;2;3500;3023500;E33700050;FITTI DI ALLOGGI PER IMMIGRATI, PROFUGHI E NOMADI (ESERCIZI PRECEDENTI);2000;2000;2000
3;2;3510;3023510;E33750000;FITTI DI IMMOBILI AD USO COMMERCIALE: FABBRICATI;874000;874000;874000
3;2;3510;3023510;E33750010;FITTI DI IMMOBILI AD USO COMMERCIALE IN USO A MINISTERI: FABBRICATI;285000;285000;285000
3;2;3510;3023510;E33750020;FITTI DI IMMOBILI AD USO COMMERCIALE IN USO A MINISTERI: FABBRICATI -;0;0;0
3;2;3510;3023510;E33750025;FITTI DI IMMOBILI AD USO MINISTERI: FABBRICATI - SERVIZIO RILEVANTE AGLI;0;0;0
3;2;3510;3023510;E33750030;FITTI DI IMMOBILI AD USO COMMERCIALE: FABBRICATI - SERVIZIO RILEVANTE;2788500;2788500;2788500
3;2;3510;3023510;E33750040;FITTI DI IMMOBILI AD USO COMMERCIALE: FABBRICATI - SERVIZIO RILEVANTE;1673000;1673000;1673000
3;2;3510;3023510;E33750050;FITTI DI IMMOBILI AD USO COMMERCIALE: TERRENI E FONDI RUSTICI;391000;391000;391000
3;2;3510;3023510;E33750060;FITTI DI IMMOBILI AD USO COMMERCIALE: TERRENI E FONDI RUSTICI - SERVIZIO;89000;89000;89000
3;2;3510;3023510;E33750070;FITTI DI IMMOBILI AD USO COMMERCIALE: TERRENI E FONDI RUSTICI - SERVIZIO;276000;276000;276000
3;2;3510;3023510;E33800000;FITTI DI IMMOBILI LOCATI ALLE AZIENDE SANITARIE;362500;362500;362500
3;2;3510;3023510;E33800050;FITTI DI IMMOBILI LOCATI ALLE AZIENDE SANITARIE - SERVIZIO RILEVANTE;0;0;0
3;2;3510;3023510;E33800100;FITTI DI IMMOBILI LOCATI ALLE AZIENDE SANITARIE - SERVIZIO RILEVANTE;0;0;0
3;2;3510;3023510;E33860000;FITTI DI IMMOBILI CORRISPOSTI MEDIANTE INTERVENTI DI MANUTENZIONE;230000;230000;230000
3;2;3510;3023510;E33860100;FITTI DI IMMOBILI CORRISPOSTI MEDIANTE INTERVENTI DI MANUTENZIONE;20000;20000;20000
3;2;3510;3023510;E33870000;CORRISPETTIVO DELLA CONCESSIONE IN USO AL CONSORZIO A.T.C. DI BENI;726000;726000;726000
3;2;3510;3023510;E33880050;PROVENTI DEI CANONI DI IMMOBILI CONCESSI ALLE LFA;157000;157000;157000
3;2;3510;3023510;E33880060;PROVENTI DEI CANONI DI IMMOBILI CONCESSI ALLE LFA - SERVIZIO RILEVANTE;0;0;0
3;2;3510;3023510;E33880070;PROVENTI DEI CANONI DI IMMOBILI CONCESSI ALLE LFA - SERVIZIO RILEVANTE;0;0;0
3;2;3510;3023510;E33880100;PROVENTI DEI CANONI DI IMMOBILI CONCESSI ALLE LFA DI COMPETENZA DEI;90000;90000;90000
3;2;3510;3023510;E33950000;FITTI DI IMMOBILI: NEGOZI E LOCALI VARI IN EDIFICI DI EDILIZIA;300000;300000;300000
3;2;3510;3023510;E33950050;FITTI DI IMMOBILI: NEGOZI E LOCALI VARI IN EDIFICI DI EDILIZIA;0;0;0
3;2;3510;3023510;E34050000;FITTI DI NEGOZI ED ALTRI LOCALI DI PROPRIETA' DELLE AZIENDE SCUOLE PIE;0;0;0
3;2;3510;3023510;E34050050;FITTI DI NEGOZI ED ALTRI LOCALI DI PROPRIETA' DELLE AZIENDE SCUOLE PIE;0;0;0
3;2;3510;3023510;E34050100;FITTI E NEGOZI ED ALTRI LOCALI DI PROPRIETA' DELLE AZIENDE SCUOLE PIE ED;167000;167000;167000
3;2;3510;3023510;E34140000;PROVENTI DERIVANTI DA CONCESSIONI DI BENI IMMOBILI PER INSTALLAZIONE;450000;450000;450000
3;2;3510;3023510;E34140050;PROVENTI DERIVANTI DA CONCESSIONI DI BENI IMMOBILI PER INSTALLAZIONE;30000;30000;30000
3;2;3510;3023510;E34140100;PROVENTI DERIVANTI DA CONCESSIONI DI BENI IMMOBILI PER INSTALLAZIONE;0;0;0
3;2;3510;3023510;E34150000;PROVENTI DELLA CONCESSIONE DEL COMPLESSO DELL'IPPODROMO ARCOVEGGIO -;366500;366500;366500
3;2;3510;3023510;E34160000;PROVENTI PER LA CONCESSIONE DI SPAZI DI SALA BORSA - SERVIZIO RILEVANTE;21650;21650;21650
3;2;3510;3023510;E34160050;PROVENTI PER LA CONCESSIONE DI SPAZI DI SALA BORSA: RIMBORSO SPESE -;8850;8850;8850
3;2;3600;3023600;E34400000;PROVENTI DELLO STADIO COMUNALE: CAMPO DI CALCIO, ATLETICA, ECC. -;157900;157900;157900
3;2;3600;3023600;E34500000;PROVENTI DEL PALAZZO DELLO SPORT: LOCAZIONE E RIMBORSO SPESE PER L'USO;200000;200000;200000
3;2;3600;3023600;E34510000;PROVENTI PER L'UTILIZZO DEGLI IMPIANTI SPORTIVI DI TERRITORIO - SERVIZIO;290000;290000;290000
3;2;3600;3023600;E34510050;PROVENTI PER L'UTILIZZO DEGLI IMPIANTI SPORTIVI DI TERRITORIO - SERVIZIO;3000;3000;3000
3;2;3600;3023600;E34520000;PROVENTI DERIVANTI DALLA GESTIONE DELLE PISCINE COMUNALI - SERVIZIO;0;0;0
3;2;3650;3023650;E34610000;PROVENTI PER LA CONCESSIONE IN USO DI BENI COMUNALI A HERA S.P.A. -;0;0;0
3;2;3650;3023650;E34620000;ALTRI PROVENTI DI BENI IMMOBILI: RISCOSSIONI COATTIVE E PROVENTI VARI;30000;30000;30000
3;2;3650;3023650;E34620010;ALTRI PROVENTI DI BENI IMMOBILI - SERVIZIO RILEVANTE AGLI EFFETTI;0;0;0
3;2;3650;3023650;E34620050;ALTRI PROVENTI DI BENI IMMOBILI: CONCESSIONE IN USO DELLA RETE FOGNARIA;0;0;0
3;2;3650;3023650;E34620100;ALTRI PROVENTI DI BENI IMMOBILI: CONCESSIONE IN USO DELLE RETI IDRICHE,;735300;735300;735300
3;2;3650;3023650;E34620150;ALTRI PROVENTI DI BENI IMMOBILI: CONCESSIONE IN USO DELLE RETI GAS -;70000;70000;70000
3;2;3650;3023650;E34650000;PROVENTI DEI SISTEMI INFORMATICI PER LA VENDITA DI PRODOTTI E SERVIZI;69500;69500;69500
3;2;3650;3023650;E34700000;PROVENTI PER LA CONCESSIONE IN USO DI SALE DI QUARTIERE;0;0;0
3;2;3650;3023650;E34700050;PROVENTI PER LA CONCESSIONE IN USO DELLE SALE COMUNALI CENTRALI;10000;10000;10000
3;2;3650;3023650;E34700100;PROVENTI PER L'USO TEMPORANEO DI LOCALI DI VIA CASTIGLIONE 7 - SERVIZIO;3000;3000;3000
3;2;3650;3023650;E34700150;PROVENTI PER LA CONCESSIONE IN USO DELLA SALA CENTOFIORI NEL QUARTIERE;16290;16290;16290
3;2;3650;3023650;E34750000;CANONE PER L'OCCUPAZIONE DI SPAZI ED AREE PUBBLICHE;7810000;7810000;0
3;2;3650;3023650;E34750050;CANONE PER L'OCCUPAZIONE DI SPAZI ED AREE PUBBLICHE - ESERCIZI;500000;500000;500000
3;3;3700;3033700;E35000000;INTERESSI ATTIVI DELLA FONDAZIONE BRUNE';500;500;500
3;3;3700;3033700;E35250000;INTERESSI ATTIVI DIVERSI;1500000;1500000;1500000
3;3;3700;3033700;E35250050;INTERESSI ATTIVI DIVERSI - SERVIZI RILEVANTE AGLI EFFETTI DELL'I.V.A. -;0;0;0
3;4;3800;3043800;E35460000;DIVIDENDI DI SOCIETA';14074719;14074719;14074719
3;5;3900;3053900;E35800000;CONTRIBUTI DI ENTI E PRIVATI PER INIZIATIVE NEL SETTORE EDUCATIVO E;30000;30000;30000
3;5;3900;3053900;E35810000;CONTRIBUTI DI ENTI E PRIVATI PER INIZIATIVE RICREATIVE, SPORTIVE RIVOLTE;0;0;0
3;5;3900;3053900;E35820000;TRASFERIMENTO DA ANUSCA DEL CONTRIBUTO DELLA COMMISSIONE EUROPEA PER LA;0;0;0
3;5;3900;3053900;E35870000;CONTRIBUTI DELLE FONDAZIONI: GESTIONE DEI SERVIZI DI SALA BORSA;0;0;0
3;5;3900;3053900;E35870010;CONTRIBUTI DELLE FONDAZIONI: MANIFESTAZIONI CULTURALI ESTIVE;0;0;0
3;5;3900;3053900;E35870015;CONTRIBUTI DELLE FONDAZIONI: REALIZZAZIONE DI INIZIATIVE CULTURALI;0;0;0
3;5;3900;3053900;E35870020;CONTRIBUTI DELLE FONDAZIONI: REALIZZAZIONE DI PROGETTI SPECIALI DI SALA;0;0;0
3;5;3900;3053900;E35870025;CONTRIBUTI DELLE FONDAZIONI: REALIZZAZIONE ATTIVITA' CULTURALI;0;0;0
3;5;3900;3053900;E35870030;CONTRIBUTI DELLE FONDAZIONI: REALIZZAZIONE ATTIVITA' CULTURALI;450000;450000;450000
3;5;3900;3053900;E35870035;CONTRIBUTI DELLE FONDAZIONI: REALIZZAZIONE ATTIVITA' CULTURALI;0;0;0
3;5;3900;3053900;E35870040;CONTRIBUTI DELLE FONDAZIONI: ATTIVITA' DI PROMOZIONE E VALORIZZAZIONE;0;0;0
3;5;3900;3053900;E35870045;CONTRIBUTI DELLE FONDAZIONI: REALIZZAZIONE ATTIVITA' CULTURALI DELLA;0;0;0
3;5;3900;3053900;E35870070;CONTRIBUTI DELLE FONDAZIONI: SOSTEGNO A PROGETTI SOCIO CULTURALI DEL;0;0;0
3;5;3900;3053900;E35870110;CONTRIBUTI DELLE FONDAZIONI: SOSTEGNO DI INIZIATIVE SOCIALI VARIE DEL;0;0;0
3;5;3900;3053900;E35870140;CONTRIBUTI DELLE FONDAZIONI: INTERVENTI IN ATTUAZIONE DEL PIANO GENERALE;0;0;0
3;5;3900;3053900;E35870160;CONTRIBUTI DELLE FONDAZIONI: PROGETTAZIONE DELLE OPERE PUBBLICHE;0;0;0
3;5;3900;3053900;E35870170;CONTRIBUTI DELLE FONDAZIONI: OPERE DI COMPLETAMENTO DELL'ALLESTIMENTO;0;0;0
3;5;3900;3053900;E35870180;CONTRIBUTI DELLE FONDAZIONI: INTERVENTI PER IL DECORO URBANO;0;0;0
3;5;3900;3053900;E35870200;CONTRIBUTI DELLE FONDAZIONI: PROGETTO PORTICI;0;0;0
3;5;3900;3053900;E35870210;CONTRIBUTI DELLE FONDAZIONI: VALORIZZAZIONE DELLA CITTA' STORICA (EX;0;0;0
3;5;3900;3053900;E35870240;CONTRIBUTI DELLE FONDAZIONI: SOSTEGNO AD INIZIATIVE DI CARATTERE SOCIALE;0;0;0
3;5;3900;3053900;E35870250;CONTRIBUTI DELLE FONDAZIONI: SOSTEGNO AD INIZIATIVE DI CARATTERE SOCIALE;0;0;0
3;5;3900;3053900;E35870260;CONTRIBUTO DELLE FONDAZIONI: INTERVENTI RELATIVI ALLA PREVENZIONE DELLA;0;0;0
3;5;3900;3053900;E35870270;CONTRIBUTI DELLE FONDAZIONI: INTERVENTI INERENTI LE POLITICHE PER LA;0;0;0
3;5;3900;3053900;E35870290;"CONTRIBUTI DELLE FONDAZIONI: PROGETTO ""CULTURE II"" FINALIZZATO ALLA";0;0;0
3;5;3900;3053900;E35870310;CONTRIBUTI DELLE FONDAZIONI: INIZIATIVE ISTITUZIONALI E MANIFESTAZIONI;0;0;0
3;5;3900;3053900;E35870315;CONTRIBUTI DELLE FONDAZIONI: PROGETTO CULTURE - PROMOZIONE DEL TURISMO E;0;0;0
3;5;3900;3053900;E35870350;CONTRIBUTI DELLE FONDAZIONI: INTERVENTI INERENTI LA REALIZZAZIONE DEL;0;0;0
3;5;3900;3053900;E35870400;CONTRIBUTI DELLE FONDAZIONI: INIZIATIVE A SOSTEGNO DELLO SVILUPPO DELLE;0;0;0
3;5;3900;3053900;E35870460;CONTRIBUTI DELLE FONDAZIONI: INTERVENTI PER LA RIQUALIFICAZIONE;0;0;0
3;5;3900;3053900;E35870470;"CONTRIBUTI DELLE FONDAZIONI: REALIZZAZIONE DEL PROGETTO ""AALBORG";0;0;0
3;5;3900;3053900;E35870500;CONTRIBUTO DELLE FONDAZIONI: PROGETTI NEL CAMPO DELL'INTERCULTURA IN;50000;50000;50000
3;5;3900;3053900;E35870510;CONTRIBUTI DELLE FONDAZIONI: INTERVENTI A SOSTEGNO DELL'INFANZIA;0;0;0
3;5;3900;3053900;E35870520;CONTRIBUTI DELLE FONDAZIONI: PROGETTI DI QUALIFICAZIONE FORMATIVA DEL;0;0;0
3;5;3900;3053900;E35870530;CONTRIBUTI DELLE FONDAZIONI: PROGETTI NEL CAMPO DEGLI INTERVENTI ALLA;0;0;0
3;5;3900;3053900;E35870550;"CONTRIBUTI DELLE FONDAZIONI: REALIZZAZIONE DEL PROGETTO ""INNOVAZIONE IN";0;0;0
3;5;3900;3053900;E35870600;"CONTRIBUTI DELLE FONDAZIONI: REALIZZAZIONE DEL PROGETTO ""GESTIONE";0;0;0
3;5;3900;3053900;E35870650;"CONTRIBUTI DELLE FONDAZIONI: REALIZZAZIONE DEL PROGETTO ""SISTEMA";0;0;0
3;5;3900;3053900;E35870700;CONTRIBUTI DELLE FONDAZIONI: PROGETTO SPERIMENTALE VOLTO AL;0;0;0
3;5;3900;3053900;E35880000;CONTRIBUTO DI MEDTRONIC FOUNDATION - UNITED WAY INTERNATIONAL -  PER IL;0;0;0
3;5;3900;3053900;E35880050;CONTRIBUTO DELLA FONDAZIONE AUGUSTA PINI ED OSPIZI MARINI PER PROGETTO;0;0;0
3;5;3900;3053900;E35890000;CONTRIBUTO DI PRIVATI PER LA REALIZZAZIONE DI ATTIVITA' SOCIALI DEL;0;0;0
3;5;3900;3053900;E35900000;CONTRIBUTI DI ENTI E DI PRIVATI PER LA PROTEZIONE CIVILE;10000;10000;10000
3;5;3900;3053900;E35910000;CONTRIBUTI DI PRIVATI PER INTERVENTI PER IL DECORO URBANO;0;0;0
3;5;3900;3053900;E35920000;TRASFERIMENTO DA EURAC (EUROPEAN ACADEMY BOLZANO) DI FONDI DELLA;0;0;0
3;5;3900;3053900;E35930000;TRASFERIMENTO DALL'OPERA IMMACOLATA COMITATO BOLOGNESE PER;0;0;0
3;5;3900;3053900;E36000000;CONTRIBUZIONE DEI TITOLARI DI AUTORIZZAZIONE ALL'ATTIVITA' ESTRATTIVA;100000;100000;100000
3;5;3900;3053900;E36010000;CONTRIBUTO DI TAV PER LA MODIFICA DEI PROGRAMMI DI ESERCIZIO DELLE LINEE;0;0;0
3;5;3900;3053900;E36020000;CONTRIBUTI DI PRIVATI PER INIZIATIVE DI CARATTERE SOCIALE RIVOLTE AGLI;0;0;0
3;5;3900;3053900;E36030000;CONTRIBUTI DI PRIVATI NELL'AMBITO DELLA REALIZZAZIONE DELLE ATTIVITA';35000;35000;35000
3;5;3900;3053900;E36040000;CONTRIBUTI DI ENTI VARI, FONDAZIONI E PRIVATI PER ATTIVITA' CULTURALI;0;0;0
3;5;3900;3053900;E36050000;CONTRIBUTI DELLE FONDAZIONI BANCARIE PER ATTIVITA' CULTURALI DIVERSE;0;0;0
3;5;3900;3053900;E36060000;CONTRIBUTI DEL COMITATO BOLOGNA 2000 PER LA REALIZZAZIONE DI INIZIATIVE;0;0;0
3;5;3900;3053900;E36070000;"CONTRIBUTI DI PRIVATI NELL'AMBITO DEL PROGETTO ""MOVING SHOP - APE";0;0;0
3;5;3900;3053900;E36100000;CONTRIBUTI DI AZIENDE VARIE PER LE ATTIVITA' DEL MUSEO DEL PATRIMONIO;0;0;0
3;5;3900;3053900;E36100050;CONTRIBUTI DI AZIENDE VARIE PER LE ATTIVITA' DEL MUSEO DEL PATRIMONIO;0;0;0
3;5;3900;3053900;E36150000;SPONSORIZZAZIONI DI INIZIATIVE ED ATTIVITA' CULTURALI - SERVIZIO;0;0;0
3;5;3900;3053900;E36150050;SPONSORIZZAZIONE DI INIZIATIVE ED ATTIVITA' CULTURALI - SERVIZIO;0;0;0
3;5;3900;3053900;E36160000;SPONSORIZZAZIONI DELLA REALIZZAZIONE DI OPERE PUBBLICHE - SERVIZIO;0;0;0
3;5;3900;3053900;E36170000;SPONSORIZZAZIONI DEGLI IMPIANTI SPORTIVI - SERVIZIO RILEVANTE AGLI;0;0;0
3;5;3900;3053900;E36170010;SPONSORIZZAZIONI NELL'AMBITO DELLA PROMOZIONE DI ATTIVITA' TURISTICHE -;0;0;0
3;5;3900;3053900;E36170050;SPONSORIZZAZIONI DI ATTIVITA' RELATIVE ALLA GESTIONE DI TRIBUTI COMUNALI;0;0;0
3;5;3900;3053900;E36170100;SPONSORIZZAZIONI PER LA REALIZZAZIONE DELL'ESPOSIZIONE BOLOGNABARCELLONA;0;0;0
3;5;3900;3053900;E36170150;SPONSORIZZAZIONI PER INIZIATIVE ISTITUZIONALI E MANIFESTAZIONI DIVERSE -;0;0;0
3;5;3900;3053900;E36170200;SPONSORIZZAZIONI PER LA VALORIZZAZIONE E MANUTENZIONE DEL VERDE PUBBLICO;0;0;0
3;5;3900;3053900;E36170210;SPONSORIZZAZIONI PER LA VALORIZZAZIONE E MANUTENZIONE DEL VERDE PUBBLICO;20000;20000;20000
3;5;3900;3053900;E36170250;SPONSORIZZAZIONE DEL PROGETTO DI MONITORAGGIO DELLA POPOLAZIONE MURINA -;0;0;0
3;5;3900;3053900;E36170300;SPONSORIZZAZIONI PER ATTIVITA' PROMOZIONALI DEL QUARTIERE SAN DONATO -;0;0;0
3;5;3900;3053900;E36170350;SPONSORIZZAZIONI PER ATTIVITA' PROMOZIONALI DEL QUARTIERE BORGO PANIGALE;0;0;0
3;5;3900;3053900;E36170410;SPONSORIZZAZIONI DELLE ATTIVITA' RELATIVE AL FORUM DELLA SOCIETA' DELLA;0;0;0
3;5;3900;3053900;E36170420;SPONSORIZZAZIONI DI ATTIVITA' INERENTI LE TECNOLOGIE INFORMATICHE -;0;0;0
3;5;3900;3053900;E36170430;SPONSORIZZAZIONI DELLE ATTIVITA' RELATIVE ALLO SVILUPPO DEL PROGETTO;15000;15000;15000
3;5;3900;3053900;E36180000;PREMIO LETTERARIO NAVILE CITTA' DI BOLOGNA: SPONSORIZZAZIONI - SERVIZIO;1500;0;0
3;5;3900;3053900;E36180050;PREMIO LETTERARIO NAVILE CITTA' DI BOLOGNA: CONTRIBUTI;1239,6;1239,6;1239,6
3;5;3900;3053900;E36190000;SPONSORIZZAZIONE DI PRIVATI PER INIZIATIVE CON FINALITA' SOCIO-EDUCATIVE;0;0;0
3;5;3900;3053900;E36200000;CONTRIBUTI DI ENTI E PRIVATI PER INIZIATIVE DI CARATTERE SOCIALE;0;0;0
3;5;3900;3053900;E36250000;CONTRIBUTI DI TERZI PER ATTIVITA' DI ASSISTENZA E BENEFICENZA;0;0;0
3;5;3900;3053900;E36260000;CONTRIBUTI VARI PER IL CANILE COMUNALE;3000;3000;3000
3;5;3900;3053900;E36270000;CONTRIBUTI DI PRIVATI PER LA REALIZZAZIONE DI INTERVENTI PER LE;0;0;0
3;5;3900;3053900;E36280000;ENTRATE DERIVANTI DALLA CONSEGNA ANTICIPATA DI AREE A VERDE PUBBLICO;50000;50000;50000
3;5;3920;3053920;E36350050;RIMBORSO DI SPESE DI PERSONALE: RIMBORSI DI EMOLUMENTI ED ONERI DEL;627000;550000;550000
3;5;3920;3053920;E36350100;RIMBORSO DI SPESE DI PERSONALE: RITENUTE PER MULTE AL PERSONALE;2000;2000;2000
3;5;3920;3053920;E36350150;RIMBORSO DI SPESE DI PERSONALE: RIMBORSI E RECUPERI DIVERSI;1150000;1150000;1150000
3;5;3920;3053920;E36350200;RIMBORSO DI SPESE DI PERSONALE: RIMBORSO DALL'ISTITUTO DI ISTRUZIONE;12000;12000;12000
3;5;3920;3053920;E36360000;RECUPERI DEL TRATTAMENTO ACCESSORIO AL PERSONALE PER PERIODI DI ASSENZA;0;0;0
3;5;3920;3053920;E36370000;RECUPERI PER RIDUZIONI DEI TRATTAMENTI ECONOMICI COMPLESSIVI DEI;0;0;0
3;5;3920;3053920;E36400000;RIMBORSO SPESE DI NOTIFICAZIONE INERENTI LE VIOLAZIONI IN MATERIA DI;3900000;3900000;3900000
3;5;3920;3053920;E36410000;RECUPERO SPESE DI EMISSIONE E NOTIFICA DEGLI ATTI DI ACCERTAMENTO E;0;0;0
3;5;3920;3053920;E36410050;RECUPERO SPESE PER I SOLLECITI ORDINARI EX ART. 7 C. 2 GG-QUINQUIES D.L.;0;0;0
3;5;3920;3053920;E36410100;COMPENSO A CARICO DEL CONTRIBUENTE PER L'ATTIVITA' DI RISCOSSIONE;0;0;0
3;5;3920;3053920;E36450000;RIMBORSO SPESE PER RIPRISTINI STRADALI;0;0;0
3;5;3920;3053920;E36490000;RIMBORSO DALLE ISTITUZIONI COMUNALI PER LE ATTIVITA' SVOLTE NELL'AMBITO;20000;20000;20000
3;5;3920;3053920;E36500000;RIMBORSO SPESE PER DEMOLIZIONI DI OPERE ABUSIVE;0;0;0
3;5;3920;3053920;E36510000;"RECUPERO DI SOMME DERIVANTI DAL FALLIMENTO ""IMMOBILIARE LE ROVERI"" PER";0;0;0
3;5;3920;3053920;E36520000;INDENNIZZI PER DANNI O REINTEGRI DEL PATRIMONIO ARBOREO E ARBUSTIVO;40000;40000;40000
3;5;3920;3053920;E36530000;RIMBORSI E RISARCIMENTI PER DANNI ARRECATI DA TERZI AL VERDE PUBBLICO;10000;10000;10000
3;5;3920;3053920;E36540000;RIMBORSO DANNI CAUSATI A BENI COMUNALI A SEGUITO DI CAUSE ACCIDENTALI;20000;20000;20000
3;5;3920;3053920;E36550000;RIMBORSI SPESE PER RIMOZIONI, INTERVENTI VARI E PER DANNI CAUSATI DA;100000;100000;100000
3;5;3920;3053920;E36560050;RIMBORSI SPESE E RISARCIMENTI DANNI PER SERVIZI, ATTIVITA' E BENI;0;0;0
3;5;3920;3053920;E36570000;RIMBORSO SPESE PER LE ATTIVITA' DI SICUREZZA E LOGISTICA AZIENDALE;0;0;0
3;5;3920;3053920;E36570050;RIMBORSO SPESE PER LE ATTIVITA' DI SICUREZZA E LOGISTICA AZIENDALE;19495,84;19495,84;19495,84
3;5;3920;3053920;E36580000;ENTRATE DERIVANTI DAL RIMBORSO FORFETTARIO DELLE SPESE RELATIVE A;100000;100000;100000
3;5;3920;3053920;E36590000;RECUPERO SPESE INFORMATICHE E TELEFONICHE;5880,82;0;0
3;5;3920;3053920;E36600000;ENTRATE DERIVANTI DALLA TRANSAZIONE PER LA CHIUSURA ANTICIPATA DEGLI;0;0;0
3;5;3920;3053920;E36610000;RIMBORSO ONERI PER NUMERAZIONE CIVICA;0;0;0
3;5;3920;3053920;E36650000;RIMBORSO DALLO STATO DELL'I.V.A. SUI SERVIZI ESTERNALIZZATI (FONDO PER;0;0;0
3;5;3920;3053920;E36650050;RIMBORSO DALLO STATO DELL'I.V.A. SUI SERVIZI ESTERNALIZZATI (FONDO PER;0;0;0
3;5;3920;3053920;E36660000;RIMBORSO DALLO STATO DELLE SPESE PER GLI UFFICI GIUDIZIARI;0;0;0
3;5;3920;3053920;E36660050;RIMBORSO DALLO STATO DELLE SPESE PER GLI UFFICI GIUDIZIARI - ESERCIZI;0;0;0
3;5;3920;3053920;E36700000;RIMBORSO DALLO STATO PER LA MENSA DEGLI INSEGNANTI STATALI;330000;330000;330000
3;5;3920;3053920;E36710000;RECUPERI DI SOMME RELATIVE AI SERVIZI EDUCATIVI;0;0;0
3;5;3920;3053920;E36750000;RIMBORSI DI SPESE E RECUPERI DIVERSI RELATIVI ALL'ATTIVITA' DELLE;0;0;0
3;5;3920;3053920;E36750050;RIMBORSI DI SPESE E RECUPERI DIVERSI RELATIVI ALL'ATTIVITA' DELLA;0;0;0
3;5;3920;3053920;E36800000;RIMBORSO DI SPESE INERENTI LA GESTIONE DEGLI IMPIANTI SPORTIVI -;75000;75000;75000
3;5;3920;3053920;E36900050;RIMBORSI DI SPESE E RECUPERI DIVERSI;4960381,88;855412,82;848518,99
3;5;3920;3053920;E36900100;RIMBORSI DI SPESE E RECUPERI DIVERSI - SERVIZIO RILEVANTE AGLI EFFETTI;0;0;0
3;5;3920;3053920;E36900150;RIMBORSI DI SPESE E RECUPERI DIVERSI - SERVIZIO RILEVANTE AGLI EFFETTI;0;0;0
3;5;3920;3053920;E36900200;RIMBORSI DI SPESE E RECUPERI DIVERSI - SERVIZIO RILEVANTE AGLI EFFETTI;0;0;0
3;5;3920;3053920;E36900250;RIMBORSI DI SPESE E RECUPERI DIVERSI: SOPRAVVENIENZE A DESTINAZIONE;0;0;0
3;5;3920;3053920;E36900300;RIMBORSI DI SPESE E RECUPERI DIVERSI: RIMBORSO RATEI DEI MUTUI SERVIZIO;811128,79;676105,21;300725,96
3;5;3920;3053920;E36910000;RIMBORSO QUOTE AMMORTAMENTO SOSTENUTE PER ALTRI ENTI;187580,78;187580,78;187580,78
3;5;3920;3053920;E36920000;RIMBORSO DI SPESE VARIE DI RISCOSSIONE PER PAGAMENTI EFFETTUATI TRAMITE;30000;30000;30000
3;5;3920;3053920;E36950000;RIMBORSO DI SPESE GIUDIZIALI A CARICO DELLE PARTI SOCCOMBENTI:;150000;150000;150000
3;5;3920;3053920;E36950050;RIMBORSO DI SPESE GIUDIZIALI A CARICO DELLE PARTI SOCCOMBENTI: SPESE;15000;15000;15000
3;5;3920;3053920;E37050000;RIMBORSO DANNI CAUSATI DA PRIVATI AD AUTO-MOTOVEICOLI COMUNALI;0;0;0
3;5;3920;3053920;E37050050;RIMBORSO DANNI CAUSATI DA PRIVATI AD AUTO MOTOVEICOLI COMUNALI;10000;10000;10000
3;5;3920;3053920;E37100000;ENTRATE DERIVANTI DALLA DEFINIZIONE DI RAPPORTI CONTRATTUALI IN MATERIA;350000;350000;350000
3;5;3920;3053920;E37150000;RIMBORSI DI DANNI CAUSATI DA FURTI, INCENDI E CAUSE ACCIDENTALI DIVERSE;20000;20000;20000
3;5;3920;3053920;E37160000;RIMBORSO SPESE INERENTI LE UTENZE E LA CLIMATIZZAZIONE DI SEDI;450000;450000;450000
3;5;3920;3053920;E37160050;RIMBORSO SPESE INERENTI LE UTENZE E LA CLIMATIZZAZIONE DI SEDI;34000;34000;34000
3;5;3920;3053920;E37170000;RIMBORSO DALLA PROVINCIA DELLE SPESE DI GESTIONE E MANUTENZIONE;560000;800000;0
3;5;3920;3053920;E37300000;RIMBORSI VARI RELATIVI A FITTI, SUBAFFITTI E GESTIONE IMMOBILI COMUNALI;300000;300000;300000
3;5;3920;3053920;E37300050;RIMBORSI VARI RELATIVI A FITTI, SUBAFFITTI E GESTIONE IMMOBILI COMUNALI;10000;10000;10000
3;5;3920;3053920;E37350000;"RIMBORSO ANTICIPAZIONI (FONDO DI ROTAZIONE) RELATIVE AL PROGETTO ""DALLA";0;0;0
3;5;3920;3053920;E37400000;RIMBORSO SPESE RELATIVE AL COLLAUDO DEI DISTRIBUTORI CARBURANTI: QUOTA;0;0;0
3;5;3920;3053920;E37400050;RIMBORSO SPESE RELATIVE AL COLLAUDO DEI DISTRIBUTORI CARBURANTI;1600;1600;1600
3;5;3920;3053920;E37410050;RECUPERI, RIMBORSI ED ALTRE ENTRATE RELATIVI AI PROGETTI DI SVILUPPO;0;0;0
3;5;3920;3053920;E37410100;RECUPERI, RIMBORSI ED ALTRE ENTRATE RELATIVI AI PROGETTI DI SVILUPPO;0;0;0
3;5;3920;3053920;E37430000;RIMBORSO PRESTITI BANDO MAMBO 3 BIS DA IMPRESE BENEFICIARIE DI;24000;24000;24000
3;5;3920;3053920;E37430050;RIMBORSO PRESTITI BANDO MAMBO 4 DA IMPRESE BENEFICIARIE DI AGEVOLAZIONI;18500;18500;18500
3;5;3920;3053920;E37430100;RIMBORSO PRESTITI BANDO MAMBO 5 DA IMPRESE BENEFICIARIE DI AGEVOLAZIONI;220000;220000;220000
3;5;3920;3053920;E37430150;RIMBORSO PRESTITI BANDO MAMBO 6 DA IMPRESE BENEFICIARIE DI AGEVOLAZIONI;17000;17000;17000
3;5;3920;3053920;E37440000;RIMBORSO DALL'AZIENDA USL DI BOLOGNA A VALERE SUL FONDO PER LA NON;2052750;2052750;2052750
3;5;3920;3053920;E37440050;RIMBORSO DALL'AZIENDA USL DI BOLOGNA E DA ALTRI ENTI A VALERE SUL FONDO;225000;225000;225000
3;5;3920;3053920;E37450000;RECUPERO DELLE SPESE PER LA PROGETTAZIONE E PRESTAZIONI SPECIALISTICHE;75000;75000;75000
3;5;3920;3053920;E37450050;RECUPERO DELLE SPESE PER LA PROGETTAZIONE DI OPERE PUBBLICHE FINANZIATE;0;0;0
3;5;3920;3053920;E37460000;RIMBORSO DELLE SPESE PER LA PROGETTAZIONE DI OPERE PUBBLICHE PER LA;0;0;0
3;5;3920;3053920;E37470000;RIMBORSO DELLE SPESE DI FUNZIONAMENTO DA PARTE DEI CENTRI SOCIALI;36000;36000;36000
3;5;3920;3053920;E37480000;RIMBORSI SPESE DEGLI UTENTI RICOVERATI IN STRUTTURE RESIDENZIALI PER;474000;474000;474000
3;5;3920;3053920;E37490000;RIMBORSO DA PARTE DI ENTI PUBBLICI DI SPESE ANTICIPATE PER INTERVENTI;100000;100000;100000
3;5;3920;3053920;E37500000;RIMBORSO SPESE ATTIVITA' SOCIALI: SPESE DI ACCOGLIENZA SERVIZIO;20000;20000;20000
3;5;3920;3053920;E37500010;RIMBORSO SPESE ATTIVITA' SOCIALI: SPESE DI ACCOGLIENZA SERVIZIO;500;500;500
3;5;3920;3053920;E37500050;RIMBORSO SPESE ATTIVITA' SOCIALI: SUBLOCAZIONI APPARTAMENTI SERVIZIO;200000;200000;200000
3;5;3920;3053920;E37500060;RIMBORSO SPESE ATTIVITA' SOCIALI: SUBLOCAZIONI APPARTAMENTI SERVIZIO;1000;1000;1000
3;5;3920;3053920;E37500150;RIMBORSO SPESE ATTIVITA' SOCIALI: SPESE DI ACCOGLIENZA MADRI E BAMBINI;2000;2000;2000
3;5;3940;3053940;E37600000;I.V.A. RELATIVA A SERVIZI COMUNALI DIVERSI;3248565,85;1274550,9;1064550,9
3;5;3940;3053940;E37650000;I.V.A.: ISTITUZIONI COMUNALI;100000;100000;100000
3;5;3960;3053960;E37800000;RIMBORSI E RIVERSAMENTI DI SOMME DI COMPETENZA DEL COMUNE;0;0;0
3;5;3960;3053960;E37850000;RECUPERO DI SOMME DERIVANTI DA GARANZIE FIDEJUSSORIE;93000;0;0
3;5;3960;3053960;E37850050;RECUPERO DI SOMME DERIVANTI DA GARANZIE FIDEYUSSORIE;0;0;0
3;5;3960;3053960;E37860000;ENTRATE DERIVANTI DALL'APPLICAZIONE DI PENALI E RISARCIMENTO DANNI SU;0;0;0
3;5;3960;3053960;E37900000;PROVENTI STRAORDINARI DERIVANTI DAL PROGRAMMA UNITARIO DI VALORIZZAZIONE;0;0;0
3;5;3960;3053960;E37950000;PROVENTI DERIVANTI DAL MANCATO ESERCIZIO DI PRELAZIONE INERENTI LE;0;0;0
3;5;3960;3053960;E38000000;SOPRAVVENIENZE ATTIVE DERIVANTI DA PLUSVALENZE;0;0;0
3;5;3960;3053960;E38110000;QUOTA LIQUIDAZIONE DELL'ASSOCIAZIONE PER LA GESTIONE DELL'AGENZIA PER IL;0;0;0
3;5;3960;3053960;E38120000;TRASFERIMENTO DA HERA S.P.A. DELLE QUOTE DI MAGGIORAZIONE DELLE TARIFFE;0;0;0
3;5;3960;3053960;E38120050;TRASFERIMENTO DA HERA S.P.A. DELLE QUOTE PER LE AGEVOLAZIONI TARIFFARIE;27435;27435;27435
3;5;3960;3053960;E38130000;PROVENTI DERIVANTI DAL RILASCIO A TITOLO ONEROSO DI NUOVE LICENZE TAXI;0;0;0
3;5;3960;3053960;E38130100;PROVENTI DERIVANTI DAL RILASCIO A TITOLO ONEROSO DI NUOVE LICENZE TAXI -;0;0;0
3;5;3960;3053960;E38140000;ENTRATE DERIVANTI DALL'EREDITA' SIG.RA SANDRA NATALI;0;0;0
3;5;3960;3053960;E38150050;GESTIONE LIQUIDATORIA COMITATO BOLOGNA 2000: CONTRIBUTO DA UNIONE;0;0;0
3;5;3960;3053960;E38150100;GESTIONE LIQUIDATORIA COMITATO BOLOGNA 2000: PROVENTI E RIMBORSI DIVERSI;0;0;0
3;5;3960;3053960;E38150150;GESTIONE LIQUIDATORIA COMITATO BOLOGNA 2000: CREDITI FISCALI;0;0;0
4;1;4000;4014000;E40000000;VENDITA DI IMMOBILI DI EDILIZIA RESIDENZIALE PUBBLICA;0;0;0
4;1;4000;4014000;E40200050;VENDITA DI IMMOBILI, DIRITTI DI SUPERFICIE E ALTRI DIRITTI REALI;253401,82;1500000;1000000
4;1;4000;4014000;E40200100;VENDITA DI IMMOBILI, DIRITTI DI SUPERFICIE E ALTRI DIRITTI REALI -;2370795,29;6000000;5000000
4;1;4000;4014000;E40200150;VENDITA DI IMMOBILI, DIRITTI DI SUPERFICIE E ALTRI DIRITTI REALI -;0;0;0
4;1;4000;4014000;E40200200;VENDITA DI IMMOBILI, DIRITTI DI SUPERFICIE E ALTRI DIRITTI REALI;0;0;0
4;1;4000;4014000;E40200250;VENDITA DI IMMOBILI, DIRITTI DI SUPERFICIE E ALTRI DIRITTI REALI;0;0;0
4;1;4000;4014000;E40200300;VENDITA DI IMMOBILI, DIRITTI DI SUPERFICIE E ALTRI DIRITTI REALI -;2313756,18;110000;110000
4;1;4000;4014000;E40200350;VENDITA DI IMMOBILI, DIRITTI DI SUPERFICIE E ALTRI DIRITTI REALI -;8084745,9;0;0
4;1;4000;4014000;E40200400;VENDITA DI IMMOBILI, DIRITTI DI SUPERFICIE E ALTRI DIRITTI REALI:;0;0;0
4;1;4000;4014000;E40250000;VENDITA IMMOBILE EREDITA' DON PAOLO SERRA-ZANETTI;0;0;0
4;1;4000;4014000;E40260000;VENDITA IMMOBILE EREDITA' FANTI-MELLONI;0;0;0
4;1;4000;4014000;E40260050;VENDITA IMMOBILE EREDITA' FANTI-MELLONI: ENTRATE DERIVANTI DA;0;0;0
4;1;4000;4014000;E40270000;VENDITA IMMOBILE EREDITA' SIG. TOSI ENRICO;80000;0;0
4;1;4000;4014000;E40300000;VENDITA DI IMMOBILI E DIRITTI DI SUPERFICIE - SERVIZIO RILEVANTE AGLI;0;0;0
4;1;4000;4014000;E40400000;VENDITA DI IMMOBILI DI EDILIZIA RESIDENZIALE PUBBLICA DI CUI ALLA LEGGE;100000;100000;100000
4;1;4000;4014000;E40400050;VENDITA DI IMMOBILI DI EDILIZIA RESIDENZIALE PUBBLICA DI CUI ALLA LEGGE;65000;50000;50000
4;1;4000;4014000;E40410000;VENDITA DI AREE PEEP ANCHE GIA' CONCESSE IN DIRITTO DI SUPERFICIE;100000;20000;20000
4;1;4000;4014000;E40410050;VENDITA DI AREE PEEP ANCHE GIA' CONCESSE IN DIRITTO DI SUPERFICIE -;2900000;380000;280000
4;1;4050;4014050;E40600000;CONCESSIONE DI SEPOLCRI;0;0;0
4;1;4100;4014100;E40900000;VENDITA DI QUOTE SOCIETARIE E TITOLI AZIONARI;0;0;0
4;1;4100;4014100;E40900050;VENDITA DI QUOTE SOCIETARIE E TITOLI AZIONARI - ENTRATE DERIVANTI DA;0;0;0
4;1;4100;4014100;E41050000;VENDITA DI TITOLI;0;13000;0
4;1;4100;4014100;E41060000;PROVENTI DA VENDITA E/O CONSEGUENTI ALLA LIQUIDAZIONE DI AZIENDE E;0;0;0
4;1;4100;4014100;E41070000;VENDITA DI BENI MOBILI EREDITA' DON PAOLO SERRA ZANETTI;0;0;0
4;1;4100;4014100;E41080000;VENDITA DI BENI MOBILI EREDITA' SIG.RA SANDRA NATALI;0;0;0
4;1;4100;4014100;E41100000;VENDITA DI BENI MOBILI ED OGGETTI FUORI USO;30000;30000;30000
4;1;4100;4014100;E41100050;VENDITA DI BENI ED OGGETTI FUORI USO - SERVIZIO RILEVANTE AGLI EFFETTI;0;0;0
4;1;4100;4014100;E41100100;VENDITA DI BENI ED OGGETTI FUORI USO - SERVIZIO RILEVANTE AGLI EFFETTI;0;0;0
4;1;4100;4014100;E41150050;CESSIONE DI BENI RELATIVI AI SERVIZI CIMITERIALI;0;0;0
4;1;4100;4014100;E41150100;CESSIONE DI BENI RELATIVI AI SERVIZI CIMITERIALI - SERVIZIO RILEVANTE;0;0;0
4;2;4200;4024200;E41310000;CONTRIBUTO DELLO STATO PER LE FUNZIONI TRASFERITE (SPESE IN C/CAPITALE);0;0;0
4;2;4200;4024200;E41310050;CONTRIBUTO DELLO STATO PER LE FUNZIONI TRASFERITE (SPESE IN C/CAPITALE):;0;0;0
4;2;4250;4024250;E41650050;CONTRIBUTO DEL MINISTERO DELLE INFRASTRUTTURE PER LA REALIZZAZIONE DEI;0;0;0
4;2;4250;4024250;E41650060;CONTRIBUTO DEL MINISTERO DELLE INFRASTRUTTURE PER LA REALIZZAZIONE DEI;0;0;0
4;2;4250;4024250;E41650100;CONTRIBUTO DEL MINISTERO DELLE INFRASTRUTTURE PER LA REALIZZAZIONE DI;0;0;0
4;2;4250;4024250;E41700000;CONTRIBUTO DELLA PRESIDENZA DEL CONSIGLIO DEI MINISTRI - DIPARTIMENTO;0;0;0
4;2;4250;4024250;E41700100;CONTRIBUTO DELLA PRESIDENZA DEL CONSIGLIO DEI MINISTRI - DIPARTIMENTO;0;0;0
4;2;4250;4024250;E41950000;CONTRIBUTI DELLO STATO PER LA REALIZZAZIONE DI INVESTIMENTI VARI;0;0;0
4;2;4250;4024250;E41950100;CONTRIBUTO DELLO STATO - MINISTERO PER I BENI E LE ATTIVITA' CULTURALI -;0;0;0
4;2;4250;4024250;E41950150;CONTRIBUTO DELLO STATO - MINISTERO DELL'ECONOMIA E DELLE FINANZE - PER;0;0;0
4;2;4250;4024250;E41950170;CONTRIBUTO DELLO STATO - MINISTERO DELL'ECONOMIA E DELLE FINANZE - PER;0;0;0
4;2;4250;4024250;E41950200;CONTRIBUTO DELLO STATO - MINISTERO DELL'ECONOMIA E DELLE FINANZE - PER;0;0;0
4;2;4250;4024250;E42160000;CONTRIBUTI DELLO STATO - MINISTERO PER I BENI CULTURALI - DI CUI;0;0;0
4;2;4250;4024250;E42260000;CONTRIBUTO DELLO STATO - MINISTERO DEI BENI CULTURALI - PER LA;0;0;0
4;2;4250;4024250;E42700000;CONTRIBUTO DELLO STATO - MINISTERO DELLE INFRASTRUTTURE - PER LA;0;0;0
4;2;4250;4024250;E42700100;CONTRIBUTO DELLO STATO - MINISTERO DELLE INFRASTRUTTURE E DEI TRASPORTI;0;0;0
4;2;4250;4024250;E43150100;CONTRIBUTO DELLO STATO - MINISTERO DELL'AMBIENTE - PER INTERVENTI;0;0;0
4;2;4250;4024250;E43150150;CONTRIBUTO DELLO STATO - MINISTERO DELL'AMBIENTE - PER INTERVENTI;0;0;0
4;2;4250;4024250;E43150200;CONTRIBUTO DELLO STATO - MINISTERO DELL'AMBIENTE - REALIZZAZIONE;0;0;0
4;2;4250;4024250;E43150250;CONTRIBUTO DELLO STATO - MINISTERO DELL'AMBIENTE: PIANO DI PROMOZIONE E;0;0;0
4;3;4300;4034300;E43350050;CONTRIBUTO DELLA REGIONE PER INTERVENTI NEL SETTORE SOCIALE: CENTRI;0;0;0
4;3;4300;4034300;E43350100;CONTRIBUTO DELLA REGIONE PER INTERVENTI NEL SETTORE SOCIALE: CENTRO;0;0;0
4;3;4300;4034300;E43350200;CONTRIBUTO DELLA REGIONE PER INTERVENTI NEL SETTORE SOCIALE: STRUTTURA;0;0;0
4;3;4300;4034300;E43350300;CONTRIBUTO DELLA REGIONE PER INTERVENTI NEL SETTORE SOCIALE:;0;0;0
4;3;4300;4034300;E43350350;CONTRIBUTO DELLA REGIONE PER INTERVENTI NEL CAMPO SOCIALE: REALIZZAZIONE;0;0;0
4;3;4300;4034300;E43350400;CONTRIBUTO DELLA REGIONE PER INTERVENTI NEL SETTORE SOCIALE: ATTIVITA' A;0;0;0
4;3;4300;4034300;E43400050;CONTRIBUTO DELLA REGIONE PER LO SVILUPPO E LA QUALIFICAZIONE DI CENTRI E;0;0;0
4;3;4300;4034300;E43400100;CONTRIBUTO DELLA REGIONE PER LO SVILUPPO E LA QUALIFICAZIONE DI CENTRI E;0;0;0
4;3;4300;4034300;E43400150;CONTRIBUTO DELLA REGIONE PER LO SVILUPPO E LA QUALIFICAZIONE DI CENTRI E;0;0;0
4;3;4300;4034300;E43400200;CONTRIBUTO DELLA REGIONE PER LO SVILUPPO E LA QUALIFICAZIONE DI CENTRI E;0;0;0
4;3;4300;4034300;E43400250;CONTRIBUTO DELLA REGIONE PER LO SVILUPPO E LA QUALIFICAZIONE DI CENTRI E;0;0;0
4;3;4300;4034300;E43400300;CONTRIBUTO DELLA REGIONE PER LO SVILUPPO E LA QUALIFICAZIONE DI CENTRI E;0;0;0
4;3;4300;4034300;E43450050;CONTRIBUTO DELLA REGIONE PER INTERVENTI RELATIVI AI NIDI D'INFANZIA:;0;0;0
4;3;4300;4034300;E43600000;CONTRIBUTO DELLA REGIONE PER LA REALIZZAZIONE DI DUE NUOVE RESIDENZE;0;0;0
4;3;4300;4034300;E43610000;CONTRIBUTO DELLA REGIONE PER LA REALIZZAZIONE DELLA R.S.A.H. IN;0;0;0
4;3;4300;4034300;E44100000;CONTRIBUTO DELLA REGIONE PER INTERVENTI VARI DI MANUTENZIONE;0;0;0
4;3;4300;4034300;E44600000;CONTRIBUTO DELLA REGIONE PER LA REALIZZAZIONE DEL SISTEMA INFORMATIVO;0;0;0
4;3;4350;4034350;E44700000;CONTRIBUTO DELLA REGIONE PER LA REALIZZAZIONE DI PROGETTI PER LE;0;0;0
4;3;4350;4034350;E44700050;CONTRIBUTO DELLA REGIONE PER INTERVENTI INERENTI LE POLITICHE PER LA;0;0;0
4;3;4350;4034350;E44700150;CONTRIBUTO DELLA REGIONE PER LA REALIZZAZIONE DI PROGETTI PER LA;0;0;0
4;3;4350;4034350;E44710000;CONTRIBUTO DELLA REGIONE PER IL PROGETTO DI RIQUALIFICAZIONE E;0;0;0
4;3;4350;4034350;E44720000;"CONTRIBUTO DELLA REGIONE PER IL PROGETTO ""ALCOOL NOT COOL""";0;0;0
4;3;4350;4034350;E44730000;CONTRIBUTO DELLA REGIONE PER PROGETTI VOLTI ALLA QUALIFICAZIONE DEL;0;0;0
4;3;4350;4034350;E44750000;CONTRIBUTO REGIONALE PER L'ACQUISTO E L'ADATTAMENTO DI VEICOLI PRIVATI;0;0;0
4;3;4350;4034350;E44810000;CONTRIBUTO DELLA REGIONE PER L'IMPLEMENTAZIONE DI SISTEMI TECNOLOGICI A;0;0;0
4;3;4350;4034350;E44820000;CONTRIBUTO DELLA REGIONE PER L'ATTUAZIONE DEL PIANO URBANO DEL TRAFFICO;0;0;0
4;3;4350;4034350;E44830000;CONTRIBUTO DELLA REGIONE PER L'INCENTIVAZIONE ALL'UTILIZZO DEI MEZZI;0;0;0
4;3;4350;4034350;E44840000;"CONTRIBUTO DELLA REGIONE PER IL PROGETTO ""VAN SHARING""";0;0;0
4;3;4350;4034350;E44850100;CONTRIBUTO DELLA REGIONE PER LA TUTELA AMBIENTALE: ATTUAZIONE DEGLI;0;0;0
4;3;4350;4034350;E44850150;CONTRIBUTO DELLA REGIONE (FONDI DEL MINISTERO DELL'AMBIENTE) PER LA;0;0;0
4;3;4350;4034350;E44850200;CONTRIBUTO DELLA REGIONE (FONDI DEL MINISTERO DELL'AMBIENTE) PER LA;0;0;0
4;3;4350;4034350;E44910000;CONTRIBUTO DELLA REGIONE, ANCHE TRAMITE LA PROVINCIA, PER INTERVENTI DI;0;0;0
4;3;4350;4034350;E44950000;CONTRIBUTI DELLA REGIONE PER LA REALIZZAZIONE DI INVESTIMENTI VARI;0;0;0
4;3;4350;4034350;E44950100;CONTRIBUTO DELLA REGIONE PER INTERVENTI RELATIVI ALLA VIABILITA':;0;0;0
4;3;4350;4034350;E44950110;CONTRIBUTO DELLA REGIONE PER INTERVENTI RELATIVI ALLA VIABILITA':;0;0;0
4;3;4350;4034350;E44950120;CONTRIBUTO DELLA REGIONE PER INTERVENTI RELATIVI ALLA VIABILITA':;0;0;0
4;3;4350;4034350;E44950130;CONTRIBUTO DELLA REGIONE PER INTERVENTI RELATIVI ALLA VIABILITA':;0;0;0
4;3;4350;4034350;E44950250;CONTRIBUTO DELLA REGIONE PER INTERVENTI RELATIVI ALLA VIABILITA': OPERE;0;0;0
4;3;4350;4034350;E44950260;CONTRIBUTO DELLA REGIONE PER OPERE PROPEDEUTICHE AL SERVIZIO FERROVIARIO;0;0;0
4;3;4350;4034350;E44950300;CONTRIBUTO DELLA REGIONE PER INTERVENTI RELATIVI ALLA VIABILITA': PIANO;0;0;0
4;3;4350;4034350;E44950330;CONTRIBUTO DELLA REGIONE PER INTERVENTI RELATIVI ALLA VIABILITA':;0;0;0
4;3;4350;4034350;E44950340;CONTRIBUTO DELLA REGIONE PER INTERVENTI RELATIVI ALLA VIABILITA':;0;0;0
4;3;4350;4034350;E44950350;CONTRIBUTO DELLA REGIONE PER INTERVENTI RELATIVI ALLA VIABILITA':;0;0;0
4;3;4350;4034350;E44950400;CONTRIBUTO DELLA REGIONE PER LA VIABILITA': INTERVENTI PER LA MOBILITA';0;0;0
4;3;4350;4034350;E44960000;CONTRIBUTO DELLA REGIONE PER LA RIQUALIFICAZIONE DELLA ZONA FIERA;0;0;0
4;3;4350;4034350;E44970000;CONTRIBUTO DELLA REGIONE PER LA REILIZZAZIONE DI UN'AREA DI AMMASSAMENTO;0;0;0
4;3;4350;4034350;E45010000;CONTRIBUTO DELLA REGIONE PER LA REALIZZAZIONE DEL PEOPLE MOVER;0;0;0
4;3;4350;4034350;E45050000;CONTRIBUTO DELLA REGIONE PER LA REALIZZAZIONE DI AREE SOSTA NOMADI:;0;0;0
4;3;4350;4034350;E45050050;CONTRIBUTO DELLA REGIONE PER LA REALIZZAZIONE DI AREE SOSTA NOMADI:;0;0;0
4;3;4350;4034350;E45100050;CONTRIBUTO DELLA REGIONE PER INTERVENTI NEL SETTORE CULTURALE:;0;0;0
4;3;4350;4034350;E45100060;CONTRIBUTO DELLA REGIONE PER INTERVENTI NEL SETTORE CULTURALE:;0;0;0
4;3;4350;4034350;E45100070;CONTRIBUTO DELLA REGIONE PER INTERVENTI NEL SETTORE CULTURALE: BONIFICA;0;0;0
4;3;4350;4034350;E45100080;CONTRIBUTO DELLA REGIONE PER INTERVENTI NEL SETTORE CULTURALE:;0;0;0
4;3;4350;4034350;E45100090;CONTRIBUTO DELLA REGIONE PER INTERVENTI NEL SETTORE CULTURALE: ACQUISTO;0;0;0
4;3;4350;4034350;E45100100;CONTRIBUTO DELLA REGIONE PER INTERVENTI NEL SETTORE CULTURALE:;0;0;0
4;3;4350;4034350;E45100110;CONTRIBUTO DELLA REGIONE PER INTERVENTI NEL SETTORE CULTURALE:;0;0;0
4;3;4350;4034350;E45100150;CONTRIBUTO DELLA REGIONE PER INTERVENTI NEL SETTORE CULTURALE:;0;0;0
4;3;4350;4034350;E45100200;CONTRIBUTO DELLA REGIONE PER INTERVENTI NEL SETTORE CULTURALE: TUTELA E;0;0;0
4;3;4350;4034350;E45100250;CONTRIBUTO DELLA REGIONE PER INTERVENTI NEL SETTORE CULTURALE:;0;0;0
4;3;4350;4034350;E45100300;CONTRIBUTO DELLA REGIONE PER INTERVENTI NEL SETTORE CULTURALE: RESTAURO;0;0;0
4;3;4350;4034350;E45450000;CONTRIBUTO DELLA REGIONE EMILIA ROMAGNA PER LA REALIZZAZIONE DEL;0;0;0
4;3;4350;4034350;E45450050;CONTRIBUTO DELLA REGIONE PER LA REALIZZAZIONE DEI PROGRAMMI DI RECUPERO;0;0;0
4;3;4350;4034350;E45450100;CONTRIBUTO DELLA REGIONE PER LA REALIZZAZIONE DEI PROGRAMMI INNOVATIVI;0;0;0
4;3;4350;4034350;E45450110;CONTRIBUTO DELLA REGIONE PER LA REALIZZAZIONE DEI PROGRAMMI INNOVATIVI;0;0;0
4;3;4350;4034350;E45650100;CONTRIBUTO DELLA REGIONE PER INTERVENTI DI EDILIZIA RESIDENZIALE;0;0;0
4;3;4350;4034350;E45650150;CONTRIBUTO DELLA REGIONE PER INTERVENTI DI EDILIZIA RESIDENZIALE;0;0;0
4;3;4350;4034350;E45650200;CONTRIBUTO DELLA REGIONE PER INTERVENTI DI EDILIZIA RESIDENZIALE;0;0;0
4;3;4350;4034350;E45650250;CONTRIBUTO DELLA REGIONE PER INTERVENTI DI EDILIZIA RESIDENZIALE;0;0;0
4;3;4350;4034350;E45750150;CONTRIBUTO DELLA REGIONE PER IMPIANTI SPORTIVI: RIQUALIFICAZIONE E;0;0;0
4;3;4350;4034350;E45750200;CONTRIBUTO DELLA REGIONE PER IMPIANTI SPORTIVI: INTERVENTI DI MESSA IN;0;0;0
4;3;4350;4034350;E45750250;CONTRIBUTO DELLA REGIONE PER IMPIANTI SPORTIVI: INTERVENTI VARI;0;0;0
4;3;4350;4034350;E46350000;CONTRIBUTO DELLA REGIONE PER LA REALIZZAZIONE DEL PARCO LUNGO RENO -;0;0;0
4;3;4350;4034350;E46400000;CONTRIBUTO DELLA REGIONE PER PROMOZIONE ALLA CONVERSIONE DI VEICOLI A;0;0;0
4;3;4350;4034350;E46410000;CONTRIBUTO DELLA REGIONE PER L'ATTUAZIONE DI INTERVENTI PREVISTI;0;0;0
4;3;4350;4034350;E47100000;CONTRIBUTO REGIONALE PER LA PROGETTAZIONE ESECUTIVA DEL SISTEMA DI;0;0;0
4;3;4350;4034350;E47140000;CONTRIBUTO DELLA REGIONE PER ACQUISTO E ADATTAMENTO DI STRUMENTAZIONE;0;0;0
4;4;4400;4044400;E47550000;CONTRIBUTO DELLA COMMISSIONE EUROPEA TRAMITE ORGANISMI INTERNAZIONALI;0;0;0
4;4;4400;4044400;E47600000;CONTRIBUTI DA PARTE DI ORGANISMI COMUNITARI E INTERNAZIONALI PER LA;0;0;0
4;4;4450;4044450;E48000100;CONTRIBUTO DELLA PROVINCIA PER LA RISTRUTTURAZIONE E L'AMPLIAMENTO DEL;144410;0;0
4;4;4450;4044450;E48000200;TRASFERIMENTO DALLA PROVINCIA DI FONDI REGIONALI PER L'ACQUISIZIONE DI;0;0;0
4;4;4450;4044450;E48000250;CONTRIBUTO DELLA PROVINCIA PER L'ESTENSIONE DELL'OFFERTA DEI SERVIZI;0;0;0
4;4;4450;4044450;E48000300;CONTRIBUTO DELLA PROVINCIA - TRASFERIMENTO DI FONDI REGIONALI - PER;0;0;0
4;4;4450;4044450;E48000350;CONTRIBUTO DELLA PROVINCIA - TRASFERIMENTO DI FONDI REGIONALI - PER;0;0;0
4;4;4450;4044450;E48050000;CONTRIBUTO DEL MINISTERO DELL'AMBIENTE, TRAMITE IL COMUNE DI PARMA, PER;0;0;0
4;4;4450;4044450;E48060000;"CONTRIBUTO DELLA PROVINCIA PER IL PROGETTO ""VAN SHARING""";0;0;0
4;4;4450;4044450;E48100000;CONTRIBUTO DI ALTRI ENTI PUBBLICI - ISTAT - PER L'ACQUISTO DI;0;0;0
4;4;4450;4044450;E48100100;CONTRIBUTO DI ALTRI ENTI PUBBLICI - ASP IRIDES - INTERVENTI PER LO;0;0;0
4;4;4450;4044450;E48100150;CONTRIBUTI DI ALTRI ENTI PUBBLICI: TRASFERIMENTO DALL'ISTAT PER;0;0;0
4;4;4450;4044450;E48100200;CONTRIBUTO DELL'ASP IRIDES PER LO SVILUPPO E LA QUALIFICAZIONE DI CENTRI;0;0;0
4;4;4450;4044450;E48150000;CONTRIBUTI DELLA PROVINCIA E DI ALTRI ENTI PUBBLICI PER LA REALIZZAZIONE;0;0;0
4;5;4500;4054500;E48200000;PROVENTI DEI TITOLI ABILITATIVI IN MATERIA EDILIZIA;10500000;10500000;10500000
4;5;4500;4054500;E48210000;PROVENTI DERIVANTI DALLA MONETIZZAZIONE DI PARCHEGGI E VERDE;1200000;1200000;1200000
4;5;4550;4054550;E48400000;PROVENTI DELLE ANTICIPAZIONI DEGLI ONERI CONCESSORI IN SANATORIA DI;0;0;0
4;5;4650;4054650;E49300000;EREDITA', DONAZIONI, ECC. CHE IMPORTINO AUMENTO DI PATRIMONIO;0;0;0
4;5;4650;4054650;E49300110;EREDITA' E DONAZIONI: EREDITA' SILVA RINALDI DA DESTINARE AD INTERVENTI;0;0;0
4;5;4650;4054650;E49300150;EREDITA' E DONAZIONI: EREDITA' FANTI-MELLONI DA DESTINARE AD INTERVENTI;0;0;0
4;5;4650;4054650;E49300200;EREDITA' E DONAZIONI: DONAZIONE DELLA SIG.RA DERNA ZERBINI PER LA;0;0;0
4;5;4650;4054650;E49300250;EREDITA' E DONAZIONI: LASCITO DELLA SIG.RA LEDA BATTISTINI DA DESTINARE;0;0;0
4;5;4650;4054650;E49300300;EREDITA' E DONAZIONI: DONAZIONE PER LA REALIZZAZIONE DI UN IMPIANTO;0;0;0
4;5;4650;4054650;E49300350;EREDITA' E DONAZIONI: EREDITA' SIG.RA SANDRA NATALI DA DESTINARE AD;0;0;0
4;5;4650;4054650;E49330000;CONTRIBUTI DI PRIVATI PER MIGLIORIE ED ADEGUAMENTO PULMINO DEL CENTRO;0;0;0
4;5;4650;4054650;E49350000;CONTRIBUTO DI PRIVATI PER INTERVENTI NEL SETTORE CULTURALE;0;0;0
4;5;4650;4054650;E49350050;CONTRIBUTO DI PRIVATI PER INTERVENTI NEL SETTORE CULTURALE:;0;0;0
4;5;4650;4054650;E49360000;PARTECIPAZIONE DI PRIVATI PER INTERVENTI DI VALORIZZAZIONE DELLE AREE;0;0;0
4;5;4650;4054650;E49370000;TRASFERIMENTO DI CAPITALE DAGLI OPERATORI PRIVATI PER LA PROGETTAZIONE E;0;0;0
4;5;4650;4054650;E49430000;PARZIALE FINANZIAMENTO DA PARTE DEGLI ASSEGNATARI PER LA REALIZZAZIONE;0;0;0
4;5;4650;4054650;E49440050;CONTRIBUTO DI PRIVATI PER INTERVENTI RELATIVI ALLA VIABILITA':;0;0;0
4;5;4650;4054650;E49440100;CONTRIBUTO DI PRIVATI PER INTERVENTI RELATIVI ALLA VIABILITA':;0;0;0
4;5;4650;4054650;E49450150;CONTRIBUTO DELLA FONDAZIONE SERAGNOLI: REALIZZAZIONE DELLA SCUOLA;0;0;0
4;5;4650;4054650;E49450200;CONTRIBUTO DELLE FONDAZIONI: ALLESTIMENTO DEL NUOVO MUSEO DELLA;0;0;0
4;5;4650;4054650;E49450250;CONTRIBUTI DELLE FONDAZIONI: RISTRUTTURAZIONE VILLA PINI PER CENTRO;0;0;0
4;5;4650;4054650;E49450300;CONTRIBUTI DELLE FONDAZIONI: PROGETTO DI RIQUALIFICAZIONE DEL CORTILE;0;0;0
4;5;4650;4054650;E49470000;CONTRIBUTO DELL'ENTE AUTONOMO FIERE INTERNAZIONALI DI BOLOGNA PER;0;0;0
4;5;4650;4054650;E49490000;CONTRIBUTO DEGLI OPERATORI PRIVATI PER LA REALIZZAZIONE DI INTERVENTI DI;0;0;0
4;6;4700;4064700;E49500000;PRELEVAMENTI DI SOMME DEPOSITATE IN CONTO CORRENTE (MUTUI);50000000;50000000;50000000
4;6;4700;4064700;E49500050;PRELEVAMENTI DI SOMME DEPOSITATE IN CONTO CORRENTE (PRESTITI;0;0;0
4;6;4700;4064700;E49510000;RISCOSSIONE DI CREDITI DA SOCIETA' PARTECIPATE;10000000;10000000;10000000
4;6;4700;4064700;E49550000;PRELEVAMENTI DI SOMME DEPOSITATE NELLA CONTABILITA' SPECIALE PER LE;300000;300000;300000
5;1;5000;5015000;E50000000;ANTICIPAZIONI DI CASSA;20000000;20000000;20000000
5;2;5100;5025100;E50200000;FINANZIAMENTI A BREVE TERMINE;0;0;0
5;3;5200;5035200;E50400000;ASSUNZIONE DI MUTUI;10000000;10000000;10000000
5;3;5200;5035200;E50400050;ASSUNZIONE DI MUTUI - ASSISTITI DA CONTRIBUTO STATALE: METROPOLITANA;0;0;0
5;3;5200;5035200;E50400100;ASSUNZIONE DI MUTUI - ASSISTITI DA CONTRIBUTO STATALE: INTERVENTI DI;0;0;0
5;4;5300;5045300;E50700000;EMISSIONE DI PRESTITI OBBLIGAZIONARI;0;0;0
6;1;0;6010000;E60000050;RITENUTE PREVIDENZIALI ED ASSISTENZIALI AL PERSONALE: RITENUTE;15000000;15000000;15000000
6;1;0;6010000;E60000150;RITENUTE PREVIDENZIALI ED ASSISTENZIALI AL PERSONALE: RITENUTE INAIL AI;10000;10000;10000
6;1;0;6010000;E60000200;RITENUTE PREVIDENZIALI ED ASSISTENZIALI AL PERSONALE: RITENUTE INPS AI;20000;20000;20000
6;2;0;6020000;E60200000;RITENUTE ERARIALI AL PERSONALE;30000000;30000000;30000000
6;2;0;6020000;E60300050;RITENUTE ALLA FONTE PER IMPOSTE DIRETTE A SOGGETTI ESTERNI;1200000;1200000;1200000
6;2;0;6020000;E60300100;RITENUTE ALLA FONTE PER IMPOSTE DIRETTE A SOGGETTI ESTERNI;300000;300000;300000
6;3;0;6030000;E60400000;RITENUTE VARIE PER CONTO DI TERZI;4000000;4000000;4000000
6;4;0;6040000;E60500000;COSTITUZIONE DI DEPOSITI CAUZIONALI DIVERSI VERSATI DA TERZI;50000;50000;50000
6;4;0;6040000;E60500050;COSTITUZIONE DI DEPOSITI CAUZIONALI DIVERSI VERSATI DA TERZI: SERVIZI;10000;10000;10000
6;4;0;6040000;E60600000;COSTITUZIONE DI DEPOSITI CAUZIONALI VERSATI DA TERZI PER CONTRATTI DI;50000;50000;50000
6;5;0;6050000;E60700000;RIMBORSI DI SPESE DI PERSONALE PER SERVIZI PER CONTO DI TERZI;970000;970000;970000
6;5;0;6050000;E60800000;RIMBORSO SPESE PER SERVIZI PER CONTO DI TERZI: IMPOSTA DI BOLLO SUI;500000;500000;500000
6;5;0;6050000;E60800050;RIMBORSO SPESE PER SERVIZI PER CONTO TERZI: CORRISPETTIVO PER IL;100000;100000;100000
6;5;0;6050000;E60900000;RIMBORSO SPESE PER SERVIZI PER CONTO DI TERZI: IMPOSTA DI BOLLO SUI;70000;70000;70000
6;5;0;6050000;E61000000;RIMBORSO DELLE SPESE PER CONSULTAZIONI ELETTORALI E REFERENDARIE A;1500000;1500000;1500000
6;5;0;6050000;E61050000;RECUPERO DI SOMME INTROITATE ATTRAVERSO IL SISTEMA DEL CASH POOLING;20000000;20000000;20000000
6;5;0;6050000;E61060000;ENTRATE PER CONTO DI TERZI: TRIBUTO PROVINCIALE PER L'ESERCIZIO DELLE;4500000;4500000;4500000
6;5;0;6050000;E61100000;RIMBORSO DI SOMME PAGATE PER FIDEJUSSIONI PRESTATE PER OPERAZIONI;0;0;0
6;5;0;6050000;E61300000;ENTRATE PER PARTITE DI GIRO DIVERSE;7506590,81;8021700;7934700
6;5;0;6050000;E61300050;RIMBORSO SPESE PER SERVIZI PER CONTO DI TERZI: PRESTAZIONI OCCASIONALI;400000;400000;400000
6;5;0;6050000;E61300100;RIMBORSO SPESE PER SERVIZI PER CONTO DI TERZI: ISTITUZIONE CINETECA -;400000;400000;400000
6;5;0;6050000;E61300110;RIMBORSO SPESE PER SERVIZI PER CONTO DI TERZI: PRESTAZIONI OCCASIONALI;300000;300000;300000
6;5;0;6050000;E61300120;RIMBORSO SPESE PER SERVIZI PER CONTO DI TERZI: PRESTAZIONI OCCASIONALI;300000;300000;300000
6;5;0;6050000;E61300130;RIMBORSO SPESE PER SERVIZI PER CONTO DI TERZI: PRESTAZIONI OCCASIONALI;50000;50000;50000
6;5;0;6050000;E61300250;RIMBORSO SPESE PER SERVIZI PER CONTO DI TERZI: RECUPERO DI SOMME PER;500000;500000;500000
6;5;0;6050000;E61310000;RIMBORSO SPESE PER SERVIZI PER CONTO TERZI: VARIE;0;0;0
6;5;0;6050000;E61350000;RIMBORSO DIRITTI DI ISTRUTTORIA DI COMPETENZA DEL COMUNE E DI ALTRI ENTI;35000;35000;35000
6;5;0;6050000;E61400000;CONSORZI PORTICI ILLUMINATI;0;0;0
6;5;0;6050000;E61500000;RIMBORSO SPESE DI ACCOGLIENZA IMMIGRATI, PROFUGHI/NOMADI;0;0;0
6;5;0;6050000;E61900000;RIMBORSO SPESE PER SERVIZI PER CONTO DI TERZI: SERVIZI FUNERARI;0;0;0
6;5;0;6050000;E62100000;SERVIZIO PER CONTO DELLO STATO: RIMBORSO DI SPESE SOSTENUTE PER;300;300;300
6;6;0;6060000;E62200000;RIMBORSO DI ANTICIPAZIONE DI FONDI PER IL SERVIZIO ECONOMATO (SERVIZI;500000;500000;500000
6;6;0;6060000;E62300000;RIMBORSO DI ANTICIPAZIONE DI FONDI PER IL SERVIZIO ECONOMATO: CASSA;4000000;4000000;4000000
6;6;0;6060000;E62400000;RIMBORSO DI ANTICIPAZIONE DI FONDI PER IL SERVIZIO ECONOMATO: CASSE;500000;500000;500000
6;7;0;6070000;E63000000;RESTITUZIONE DI DEPOSITI VERSATI DAL COMUNE PER CONTRATTI DI NATURA;50000;50000;50000
6;7;0;6070000;E63000050;RESTITUZIONE DI DEPOSITI DIVERSI VERSATI DAL COMUNE;50000;50000;50000
6;7;0;6070000;E63000100;RESTITUZIONE DI DEPOSITI DIVERSI VERSATI DAL COMUNE: SERVIZI PER;10000;10000;10000
